seq,uid,상세,중개사,매물유형,동,층,공급면적,전용면적,매매가,보증금,월세,등록일
20453448,40884274,"윤.34 l 집보고 결정 l 9호선 급행 l 선린초,둔촌초",윤포레온공인중개사사무소,매매,103,고,113.39,93.84,"227,000",0,0,2026-08-08
20453448,40884275,윤.34 l 그림같은 뷰 l 9호선급행 도보권,윤포레온공인중개사사무소,매매,102,고,113.03,93.54,"210,000",0,0,2026-08-08
20453448,40729647,34 신축 l 9호선급행지 초역세권 l 선린초 둔촌중,윤포레온공인중개사사무소,매매,101,고,114.99,95.24,"205,000",0,0,2026-08-03
20453448,41194570,"9호선직행보훈병원역도보5분,신축아파트, 일자산공원근접",서울부동산중개사무소,매매,105,중,114.99,95.24,"200,000",0,0,2026-08-18
20453448,41197180,,금성484-4004(단지내30여년)포레온공인중개사사무소,매매,105,저,114.99,95.24,"200,000",0,0,2026-08-18
20453448,41325796,"신축리모델링아파트, 일자산 숲세권 , 9호선보훈병원급행 이용용이",둔촌푸르지오공인중개사사무소,매매,105,중,114.99,95.24,"200,000",0,0,2026-08-21
20453448,41422676,"사준집,저평가,시스템에어컨4대,9호선7분,세안고",금성484-4004(단지내30여년)포레온공인중개사사무소,매매,105,중,114.99,95.24,"200,000",0,0,2026-08-24
20453448,41480002,윤.34 l 세안고 l 9호선급행 l 선린초 둔촌중,윤포레온공인중개사사무소,매매,105,7,114.99,95.24,"200,000",0,0,2026-08-25
20453448,40919270,9호선 급행인접 l 냠향 트인뷰 l 신축 l 커뮤니티시설 l시스템에어컨5,강동하나공인중개사사무소,매매,107,고,171.42,95.24,"200,000",0,0,2026-08-10
20453448,41400779,"추천,남향,로얄층,개방감과 거실뷰 굿,시에4,9호선급행역,초중고 도보5분",펜테리움공인중개사사무소,매매,107,고,113.39,93.84,"200,000",0,0,2026-08-24
20453448,41413340,9호선 급행인접 l 초중고 학세권 l 신축 l 커뮤니티시설 l시스템에어,강동하나공인중개사사무소,매매,107,고,114.99,95.24,"200,000",0,0,2026-08-24
20453448,41414483,로얄34p. 9호선직행 학군좋은쾌적한단지 넓고잘빠진구조 신축2년차,로얄(02-470-0113)공인중개사사무소,매매,107,고,114.99,95.24,"200,000",0,0,2026-08-24
20453448,41422695,"신축2년차,9호선도보7분거리,초중고인접,채광최고,로얄동층",둔촌박성원공인중개사사무소,매매,107,고,114.99,95.24,"200,000",0,0,2026-08-24
20453448,41480003,34 l 집보고 결정 l 9호선 급행 l 초.중.고 l 공동환영,윤포레온공인중개사사무소,매매,107,13,114.99,95.24,"200,000",0,0,2026-08-25
20453448,41480757,"입주2년차,9호선도보7분거리,초중고인접,로얄동로얄층,채광최고",둔촌박성원공인중개사사무소,매매,107,고,171.42,95.24,"200,000",0,0,2026-08-26
20453448,41422675,"무주택자가능 ,세안고 시스템에어컨4대",금성484-4004(단지내30여년)포레온공인중개사사무소,매매,107,중,114.99,95.24,"197,000",0,0,2026-08-24
20453448,41460679,"정남향,풀에어컨,알파룸확장,정상입주 마음에 드실겁니다",제일공인중개사사무소,매매,107,2,114.99,95.24,"195,000",0,0,2026-08-25
20453448,41134542,34 l 세안고 l 9호선급행지 초역세권 l 선린초 둔촌중,윤포레온공인중개사사무소,매매,105,저,114.99,95.24,"193,000",0,0,2026-08-15
20453448,41325793,"신축리모델링아파트, 일자산 조망굿 , 9호선보훈병원급행5분거리 ",둔촌푸르지오공인중개사사무소,매매,102,4,113.39,93.84,"192,000",0,0,2026-08-21
20453448,41422679,"사준집,입주2년차, 시스템에어컨4대,알파룸있음",금성484-4004(단지내30여년)포레온공인중개사사무소,매매,107,저,114.99,95.24,"190,000",0,0,2026-08-24
20453448,41152600,34 l 신축 l 9호선 l 일자산 l 선린초 둔촌초,윤포레온공인중개사사무소,전세,103,4,113.39,93.84,0,"105,000",0,2026-08-16
20453448,41422669,"시스템에어컨설치됨,9호선보훈병원급행,신축2년",금성484-4004(단지내30여년)포레온공인중개사사무소,전세,103,4,113.39,93.84,0,"105,000",0,2026-08-24
20453448,41446270,"신축입주2년차,9호선도보7분거리,초중고인접",둔촌박성원공인중개사사무소,전세,103,4,169.00,93.84,0,"105,000",0,2026-08-25
20453448,41480005,"윤.34 l 신축 전세 l 9호선 l 선린초,둔촌초",윤포레온공인중개사사무소,전세,103,4,113.39,93.84,0,"105,000",0,2026-08-25
20453448,41152601,윤.34 단독 l 귀한전세 l 입주협의 l 남향 l 공동환영,윤포레온공인중개사사무소,전세,107,중,113.39,93.84,0,"95,000",0,2026-08-16
20453448,41386902,"윤.34 l 주인단독 l 최저가 l 9호선 l 둔촌초,선린초",윤포레온공인중개사사무소,전세,107,중,113.39,93.84,0,"95,000",0,2026-08-22
20446904,40864818,"입주가, 남향, 초중고 인접, 9호선 중앙보훈역 인접, 해 잘드는집,",부동산헤드라인공인중개사사무소,매매,104,고,160.12,118.70,"250,000",0,0,2026-08-07
20446904,40915114,주인거주  조경 대상 받은 단지 조경뷰 조합원 고급 옵션,라임공인중개사사무소,매매,104,고,160.12,118.70,"250,000",0,0,2026-08-09
20446904,41151548,남향 협의입주 조합원 고급옵션 조용하고 멋진 조경뷰,라임공인중개사사무소,매매,104,고,160.12,118.70,"250,000",0,0,2026-08-16
20446904,41197164,"신축3년차,9호선도보5분거리,초중고인접,조용하고 분위있는단지",둔촌박성원공인중개사사무소,매매,104,저,160.12,118.70,"225,000",0,0,2026-08-18
20446904,41443574,"신축3년차,방4,화2,9호선도보5분거리,초중고인접",둔촌박성원공인중개사사무소,매매,104,저,291.11,118.70,"225,000",0,0,2026-08-25
20446904,41449070,"신축3년차,9호선도보5분거리,급행강남권25분거리,초중인접",둔촌박성원공인중개사사무소,매매,104,저,116.60,84.88,"179,000",0,0,2026-08-25
20446904,41334939,조용한 주거 추가 인테리어했음 시스템 에어컨 4대 9호선 급행선 이용,라임공인중개사사무소,매매,104,저,116.60,84.88,"179,000",0,0,2026-08-21
20446904,41349320,"9호선도보5분거리,급행강남권25분거리,초중고인접",둔촌박성원공인중개사사무소,매매,104,저,210.27,84.88,"179,000",0,0,2026-08-22
20446904,41133669,조용한 주거 추가 인테리어했음 시스템 에어컨 4대 9호선 급행선 이용,라임공인중개사사무소,매매,104,저,210.27,84.88,"179,000",0,0,2026-08-15
20446904,41139573,남향 조용한 주거단지 9호선 급행선 이용 쾌적한 자연환경,라임공인중개사사무소,매매,102,저,115.34,84.85,"175,000",0,0,2026-08-15
20446904,41162066,정원 조망 남향 채광좋음 무주택자 가능 9호선 역세권,라임공인중개사사무소,매매,102,저,115.34,84.85,"175,000",0,0,2026-08-17
20446904,41293334,"9호선도보5분거리,급행강남권25분거리,초중고인접",둔촌박성원공인중개사사무소,매매,102,저,115.34,84.85,"175,000",0,0,2026-08-20
20446904,41443568,"9호선도보5분거리,급행강남권25분거리,초중고인접",둔촌박성원공인중개사사무소,매매,102,저,208.97,84.85,"175,000",0,0,2026-08-25
20446904,41151547,1년 단기  월세 가능 풀 시스템 에어컨 9호선 역세권,라임공인중개사사무소,전세,104,고,83.17,59.86,0,"65,000",0,2026-08-16
20446904,41072533,1 년 단기 풀에어컨 입주일 협의 커뮤니티 운영중 9호선 역세권,라임공인중개사사무소,전세,104,고,83.17,59.86,0,"65,000",0,2026-08-13
20446904,40793643,전세 가능 1년 단기 풀에어컨 조용한 안쪽동 9호선 역세권,라임공인중개사사무소,월세,104,고,83.17,59.86,0,"60,000",20,2026-08-05
1575,40482464,"  남향 9호선초역세권 교통, 학군, 편의시설 좋음",반도부동산,매매,102,저,108.36,84.34,"130,000",0,0,2026-07-27
1575,40574110,"  남향 입주협의  교통, 학군, 편의시설 좋음",반석공인중개사사무소,매매,102,저,108.36,84.34,"130,000",0,0,2026-07-29
1575,41194447," 9호선보훈병원역급행이용용이, 일자산숲세권",둔촌푸르지오공인중개사사무소,매매,102,저,108.36,84.34,"130,000",0,0,2026-08-18
1575,41310108,"남향,9호선도보8분거리,급행강남권25분거리,초중고인접,",둔촌박성원공인중개사사무소,매매,102,2,130.36,84.34,"130,000",0,0,2026-08-21
1575,41424944," 9호선보훈병원급행, 일자산숲세권 ",서울부동산중개사무소,매매,102,저,108.36,84.34,"130,000",0,0,2026-08-24
1575,41432699,"수리되어서깔끔합니다, 9호선도보가능",일광공인중개사사무소,매매,101,1,100.98,59.63,"90,000",0,0,2026-08-25
1615,41139575,거실확장등 올수리 주인거주 더블역세권 더블역세권,라임공인중개사사무소,매매,102,중,110.74,84.93,"160,000",0,0,2026-08-15
1615,41286634,확장포함 올수리 주인거주 더블역세권 풍부한 생활인프라,라임공인중개사사무소,매매,102,중,110.74,84.93,"160,000",0,0,2026-08-20
1615,41467032,"사준집,저평가,남향,내부옛수리,거실확장 중간방확장",금성484-4004(단지내30여년)포레온공인중개사사무소,매매,102,중,109.74,84.16,"155,000",0,0,2026-08-25
1615,41369361,"아이키우기 좋은저층,한산초중,전세안고,무주택자만 매수가능",신동아공인중개사사무소,매매,102,1,110.24,84.54,"145,000",0,0,2026-08-22
1615,40784559,"전세안고,한산초중,5.9호선더블역세권,무주택자매수가능,전자계약OK",신동아공인중개사사무소,매매,102,1,110.24,84.54,"145,000",0,0,2026-08-05
1615,41137371,"방3,화2,내부수리,한산초중,5.9호선더블역세권",신동아공인중개사사무소,매매,102,저,101.80,66.96,"145,000",0,0,2026-08-15
1615,41445140,"신혼부부강추,특올수리,뻥뷰,9호선5호선더블역세권",둔촌박성원공인중개사사무소,매매,101,중,114.47,59.40,"140,000",0,0,2026-08-25
1615,41449069,"신혼부부강추,특올수리,뻥뷰,9호선5호선더블역세권",둔촌박성원공인중개사사무소,매매,101,중,86.04,59.40,"140,000",0,0,2026-08-25
1615,41467031,"사준집,무주택자만가능,한산초중인접,세안고",금성484-4004(단지내30여년)포레온공인중개사사무소,매매,101,중,86.04,59.40,"140,000",0,0,2026-08-25
1615,41218873,"샷시포함특올수리,전망좋은로얄층,한산초중",신동아공인중개사사무소,매매,101,중,86.04,59.40,"140,000",0,0,2026-08-19
1615,41058314,"저렴,한산초중,5.9호선더블역세권,세낀물건",신동아공인중개사사무소,매매,101,중,85.28,58.87,"137,000",0,0,2026-08-13
1615,41107600,"저렴,전세안고,한산초중,10월말잔금",신동아공인중개사사무소,매매,101,중,85.28,58.87,"137,000",0,0,2026-08-14
1615,41340958,"저렴,남향,한산초중,5.9호선더블역세권",신동아공인중개사사무소,매매,101,저,86.04,59.40,"130,000",0,0,2026-08-21
1615,41369360,"아이키우기 좋은1층,한산초중,5.9호선더블역세권,전자계약OK",신동아공인중개사사무소,매매,101,1,86.04,59.40,"130,000",0,0,2026-08-22
1606,40793644,거실 확장등 수리됨 풍부한 생활인프라 더블역세권,라임공인중개사사무소,매매,101,저,135.64,109.73,"178,000",0,0,2026-08-05
1606,41358676,추천 6층 이상 남향 트인 공원뷰 거실확장포함 올수리,라임공인중개사사무소,매매,101,저,107.64,84.86,"170,000",0,0,2026-08-22
1606,41442695,주인거주 남향 공원 트인조망 거실확장 풍부한 생활 인프라,라임공인중개사사무소,매매,101,중,135.25,84.86,"170,000",0,0,2026-08-25
1606,41139574,추천 3년전 올수리 주인거주 공원 남향뷰 더블역세권,라임공인중개사사무소,매매,101,저,107.64,84.86,"170,000",0,0,2026-08-15
1606,41162064,주인거주 남향 거실확장등 수리 풍부한 생활 인프라,라임공인중개사사무소,매매,101,중,107.64,84.86,"170,000",0,0,2026-08-17
1606,41328014,"영구공원뷰,주인거주중.9호선도보7분거리,5호선도보8분거리,초중인접",둔촌박성원공인중개사사무소,매매,101,6,107.64,84.86,"165,000",0,0,2026-08-21
1606,41351473,"공원뷰,주인거주중,9호선도보7분거리,5호선8분거리,초중인접",둔촌박성원공인중개사사무소,매매,101,6,135.25,84.86,"165,000",0,0,2026-08-22
1606,40940163,추천 남향 공원뷰 트인 조망 일부수리 정상입주 풍부한 생활 인프라,라임공인중개사사무소,매매,101,6,107.64,84.86,"165,000",0,0,2026-08-10
1606,41162067,추천 주인거주 거실확장형 전체올수리 편리한 생활인프라,라임공인중개사사무소,매매,102,중,87.26,59.78,"141,000",0,0,2026-08-17
1606,41436808,"특올수리,9호선5호선더블역세권,한산초중바로앞",둔촌박성원공인중개사사무소,매매,102,중,106.71,59.78,"141,000",0,0,2026-08-25
1606,41442767,추천 주인거주 남향 확장형 특올수리 풍부한 생활인프라,라임공인중개사사무소,매매,102,중,106.71,59.78,"141,000",0,0,2026-08-25
1606,41448965,주인거주 남향 확장형 특올수리 풍부한 생활인프라,라임공인중개사사무소,매매,102,중,87.26,59.78,"141,000",0,0,2026-08-25
1606,41449071,"신혼부부강추,특올수리,9호선5호선더블역세권,초중고인접",둔촌박성원공인중개사사무소,매매,102,중,87.26,59.78,"141,000",0,0,2026-08-25
1606,41448964,주인거주 남향 채광 좋음 도보 통학권 우수 다양한 생활 인프라,라임공인중개사사무소,매매,102,저,87.26,59.78,"140,000",0,0,2026-08-25
1606,40857690,"남향,한산초중,포레온공원뷰,5.9호선역세권,전자계약OK",신동아공인중개사사무소,월세,101,저,107.64,84.86,0,"55,000",100,2026-08-07
1606,41354421,"26. 툭트인 뷰, 수리되어 깨끗한 집, 로얄",으뜸헬리오시티공인중개사사무소,월세,102,고,106.71,59.78,0,"50,000",80,2026-08-22
1606,41165688,"26. 툭트인 뷰, 수리되어 깨끗한 집, 로얄",으뜸헬리오시티공인중개사사무소,월세,102,고,87.26,59.78,0,"40,000",120,2026-08-17
1606,40944778,"26. 툭트인 뷰, 수리되어 깨끗한 집, 로얄",으뜸헬리오시티공인중개사사무소,월세,102,고,87.26,59.78,0,"40,000",120,2026-08-10
1605,41264894,"올수리됨,남향,최고로얄동,영구조망권,9호선,5호선더블역세권,초중고인접",둔촌박성원공인중개사사무소,매매,202,고,198.96,114.72,"185,000",0,0,2026-08-20
1605,40793639,올수리예정 주변편의시설및 공원이용 편리 도보통학권 우수,라임공인중개사사무소,전세,201,저,109.48,84.78,0,"85,000",0,2026-08-05
1605,41151550,수리예정 이사일 협의,라임공인중개사사무소,전세,201,저,109.48,84.78,0,"85,000",0,2026-08-16
20126613,41194573,9호선급행보훈병원역. 일자산숲세권. 세안고매수,서울부동산중개사무소,매매,103,저,138.93,113.67,"180,000",0,0,2026-08-18
20126613,41325797,"9호선보훈병원역, 일자산공원 숲세권,세안고매수",둔촌푸르지오공인중개사사무소,매매,103,저,138.93,113.67,"180,000",0,0,2026-08-21
20126613,41040157,"신혼부부추천, 9호선 보훈병원역, 일자산뻥뷰",둔촌푸르지오공인중개사사무소,매매,110,고,83.42,59.98,"158,000",0,0,2026-08-12
20126613,41194574,"9호선보훈병원급행, 일자산조망, 집깔끔",서울부동산중개사무소,매매,110,고,83.42,59.98,"158,000",0,0,2026-08-18
1609,41442637,확장올수리 주인거주 확트인개방감 5.9호선급행도보7분,마음공인중개사사무소,매매,1,중,137.47,84.54,"149,000","53,000",0,2026-08-25
1609,41422691,"확장및올수리,일자산뷰,9호선.5호선더블역세권,초중고인접",둔촌박성원공인중개사사무소,매매,1,17,86.30,59.79,"135,000",0,0,2026-08-24
1609,41439435,"신혼부부강추,확장및올수리됨,9호선5호선더블역세권,한산초중인접",둔촌박성원공인중개사사무소,매매,1,17,106.05,59.79,"135,000",0,0,2026-08-25
1609,41235568,26 l 실거주 l A컨디션 l 더블역세권 l 둔촌초 선린초,윤포레온공인중개사사무소,매매,1,고,86.30,59.79,"135,000",0,0,2026-08-18
1609,41422664,"사준집,저평가,뻥뷰,내부올수리 입주일협의",금성484-4004(단지내30여년)포레온공인중개사사무소,매매,1,17,86.30,59.79,"135,000",0,0,2026-08-24
1609,41467028,"사준집,저평가,투자가치,내부특올수리,뻥뷰,5.9호선역세권",금성484-4004(단지내30여년)포레온공인중개사사무소,매매,1,17,86.30,59.79,"135,000",0,0,2026-08-25
1609,41480648,"신혼부부강추,특올수리,최고로얄층뷰막힘없음,9호선5호선더블역세권,",둔촌박성원공인중개사사무소,매매,1,19,106.05,59.79,"133,000",0,0,2026-08-26
1609,41358675,일자산 트인조망 올수리 입주일 협의 풍부한 생활 인프라,라임공인중개사사무소,매매,1,19,86.30,59.79,"133,000",0,0,2026-08-22
1609,41393794,"고층 일자산트인뷰 특올수리 5,9호선이용 초중고가까움",열매공인중개사사무소,매매,1,19,106.05,59.79,"133,000",0,0,2026-08-24
1609,41397695,시원하게 트인뷰. 최근 화이트올수리.투자추천,MAX맥스공인중개사사무소,매매,1,19,106.05,59.79,"133,000",0,0,2026-08-24
1609,41150289,일자산 트인조망 올수리 입주일 협의 풍부한 생활 인프라,라임공인중개사사무소,매매,1,19,106.05,59.79,"133,000",0,0,2026-08-16
1609,41160158,화이트톤 특올수리. 시야 트인 로얄라인.9호선.5호선 더블역세권.,MAX맥스공인중개사사무소,매매,1,19,86.30,59.79,"133,000",0,0,2026-08-17
1609,41184606,확트인뷰00더블역세권00올수리로 내부상태 최상00초품아00,가람에코자이공인중개사사무소,매매,1,19,86.30,59.79,"133,000",0,0,2026-08-18
1609,41442318,화이트톤특올수리  일자산트인뷰  입주매물,래미안강동열매공인중개사사무소,매매,1,19,106.05,59.79,"133,000",0,0,2026-08-25
1609,41449068,"특올수리,신혼부부강추,9호선5호선더블역세권",둔촌박성원공인중개사사무소,매매,1,19,86.30,59.79,"133,000",0,0,2026-08-25
1609,41467026,"사준집,저평가,투자가치,뻥뷰, 내부특올수리,올파포인접,입주가능",금성484-4004(단지내30여년)포레온공인중개사사무소,매매,1,19,86.30,59.79,"133,000",0,0,2026-08-25
1609,41467027,"사준집 ,저평가,투자가치, 뻥뷰,내부특올수리",금성484-4004(단지내30여년)포레온공인중개사사무소,매매,1,19,86.30,59.79,"133,000",0,0,2026-08-25
1609,41328033,"저평가,뻥뷰,투자가치,5,9호선역세권,한산초중인접",금성484-4004(단지내30여년)포레온공인중개사사무소,매매,1,고,86.30,59.79,"130,000",0,0,2026-08-21
1609,41467035,"올수리조건,정상입주,5.9호선역세권,아이키우기좋은집,한산초중인접",금성484-4004(단지내30여년)포레온공인중개사사무소,전세,1,1,86.30,59.79,0,"60,000",0,2026-08-25
1609,41480636,"신혼부부강추,전체올수리해줌,9호선5호선더블역세권,한산초중인접,",둔촌박성원공인중개사사무소,전세,1,1,106.05,59.79,0,"60,000",0,2026-08-26
1609,41449072,"신혼부부추천,올수리해줌,9호선5호선더블역세권,한산초중인접,",둔촌박성원공인중개사사무소,전세,1,1,86.30,59.79,0,"60,000",0,2026-08-25
1609,41448966,샷시등 올수리 예정 더블역세권 학세권 풍부한 생활 인프라,라임공인중개사사무소,전세,1,1,86.30,59.79,0,"60,000",0,2026-08-25
1609,41286638,"샷시,욕실 포함 전체올수리 예정  더블역세권 풍부한 생활인프라",라임공인중개사사무소,전세,1,1,86.30,59.79,0,"60,000",0,2026-08-20
1609,41422681,"올수리해줌,정상입주,아이키우기좋은집,신혼부부추천",금성484-4004(단지내30여년)포레온공인중개사사무소,전세,1,1,86.30,59.79,0,"60,000",0,2026-08-24
50546,40636172,뛰어라.세안고. 환상적인 뷰. 9호선급행역. 인테리어해서 관리잘된 집.,뛰어라공인중개사사무소,매매,102,고,127.37,106.79,"150,000",0,0,2026-07-31
50546,41159768,"거실확장,폴딩도어,중문,보훈병원역6분",신동아공인중개사사무소,매매,102,3,127.37,106.79,"149,000",0,0,2026-08-17
50546,41358789,"올수리됨,주인거주중,9호선도오7분거리,초중고인접",둔촌박성원공인중개사사무소,매매,102,3,127.37,106.79,"149,000",0,0,2026-08-22
50546,41369362,"내부수리,거실확장,폴딩도어,중문,9호선보훈병원역5분",신동아공인중개사사무소,매매,102,3,127.37,106.79,"149,000",0,0,2026-08-22
50546,41435861,"입주가능,특올수리확장,9호선도보7분거리,초중고인접",둔촌박성원공인중개사사무소,매매,102,3,171.43,106.79,"149,000",0,0,2026-08-25
1610,41422671,"저평가 ,남향,9호선5분,부분수리,무주택자만가능",금성484-4004(단지내30여년)포레온공인중개사사무소,매매,102,저,107.52,84.94,"140,000",0,0,2026-08-24
1610,41467034,"급매,저평가 ,미래가치,9호선5분,초중고인접,무주택자만가능,세안고",금성484-4004(단지내30여년)포레온공인중개사사무소,매매,102,저,107.52,84.94,"140,000",0,0,2026-08-25
1610,41422661,"저평가,내부특올수리 9호선5분",금성484-4004(단지내30여년)포레온공인중개사사무소,매매,102,1,107.52,84.94,"139,000",0,0,2026-08-24
1610,41286633,도보 통학권 우수 정남향 올수리 내년초 입주가능,라임공인중개사사무소,매매,102,1,107.52,84.94,"139,000",0,0,2026-08-20
1610,41422694,"올수리됨,9호선도보5분거리,급행강남권25분거리,초중고인접",둔촌박성원공인중개사사무소,매매,102,1,107.52,84.94,"139,000",0,0,2026-08-24
1610,41439323,"올수리,남향,9호선5분거리,초중고인접",둔촌박성원공인중개사사무소,매매,102,1,114.09,84.94,"139,000",0,0,2026-08-25
1610,41442803,정남향 특올수리 내년초 입주가능 무주택자 진행 가능,라임공인중개사사무소,매매,102,저,114.09,84.94,"139,000",0,0,2026-08-25
1610,41467029,"저평가,샤시포함내부특올수리,9호선5분",금성484-4004(단지내30여년)포레온공인중개사사무소,매매,102,1,107.52,84.94,"139,000",0,0,2026-08-25
1610,41206764,올수리 아이키우기 좋음 단지 인접 초중고 위치 편리한 생활 인프라,라임공인중개사사무소,매매,102,1,107.52,84.94,"139,000",0,0,2026-08-18
1610,41467043,"저평가,올수리,9호선5분,",금성484-4004(단지내30여년)포레온공인중개사사무소,매매,101,중,75.28,59.47,"120,000",0,0,2026-08-25
1610,41353641,"공동가능 입주 수리깨끗 남향 5,9호선더블역세권 초중고보훈병원인접",삼성(932-5678)공인중개사사무소,매매,101,중,0.00,59.47,"120,000",0,0,2026-08-22
1610,41376688,공동환영 입주가능 남향 주인거주아주깨끗  학군우수보훈병원인접 더블역세권,삼성(932-5678)공인중개사사무소,매매,101,중,75.28,59.47,"120,000",0,0,2026-08-22
1610,41409319,"정남향,부분수리,9호선보훈병원역5분,하시입주,전자계약OK",신동아공인중개사사무소,매매,101,1,75.30,59.49,"115,000",0,0,2026-08-24
1610,41422667,"저평가,9호선5분,하시입주가,초중고인접,부분수리",금성484-4004(단지내30여년)포레온공인중개사사무소,매매,101,1,75.30,59.49,"115,000",0,0,2026-08-24
1610,41422690,"남향,9호선 도보5분거리,5호선더블역세권,초중인접",둔촌박성원공인중개사사무소,매매,101,1,75.30,59.49,"115,000",0,0,2026-08-24
1610,40793634,남향 하시입주가능 풍부한 생활인프라 더블역세권,라임공인중개사사무소,매매,101,1,75.30,59.49,"115,000",0,0,2026-08-05
1610,41159767,"정남향,선린초,둔촌중고,9호선보훈병원역5분,즉시입주가능",신동아공인중개사사무소,매매,101,1,75.30,59.49,"115,000",0,0,2026-08-17
1610,41162062,추천 하시 입주 가능 남향  더블역세권,라임공인중개사사무소,매매,101,1,75.30,59.49,"115,000",0,0,2026-08-17
1610,41480666,"급매,9호선5호선더블역세권,즉시입주가능,남향,",둔촌박성원공인중개사사무소,매매,101,1,79.91,59.49,"115,000",0,0,2026-08-26
1610,41217381,"컨디션깔끔 5,9호선더블역세권 채광좋음 초중고학세권",마음공인중개사사무소,전세,102,11,154.34,114.90,0,"90,000",0,2026-08-19
1610,41388340,"43 컨디션깔끔 방4,화2 5,9호선급행도보5분 초중고학세권",마음공인중개사사무소,전세,102,11,145.44,114.90,0,"90,000",0,2026-08-23
1610,41481281,"1년단기,즉시입주가능,9호선도보5분거리,초중인접,방2,화1",둔촌박성원공인중개사사무소,월세,101,1,79.91,59.49,0,"30,000",130,2026-08-26
1610,41422693,"1년단기,즉시입주가능,9호선도보5분거리,초중고인접,방2,화1",둔촌박성원공인중개사사무소,월세,101,1,75.30,59.49,0,"30,000",130,2026-08-24
1610,41467030,1년이내 단기임대,금성484-4004(단지내30여년)포레온공인중개사사무소,월세,101,1,75.30,59.49,0,"30,000",130,2026-08-25
1610,41286636,남향 특올수리 신혼 적합 더블역세권 풍부한 생활 인프라,라임공인중개사사무소,월세,101,고,75.28,59.47,0,"10,000",220,2026-08-20
1610,41151549,특올수리 더블역세권 정남향,라임공인중개사사무소,월세,101,고,75.28,59.47,0,"10,000",220,2026-08-16
20021323,41422670,남향. 올수리. 입주. 전망굿.,금성484-4004(단지내30여년)포레온공인중개사사무소,매매,1,15,99.85,79.36,"105,000",0,0,2026-08-24
1500075497,41044376,둔촌동역 도보3분 초역세권 I 주상복합 25평 I 로얄층 매매,홈링크부동산중개법인주식회사,매매,101,8,0.00,59.00,"117,000",0,0,2026-08-13
1500073914,41356359,"37 남향, 입주, 5호선역세권, 메인상가, 둔촌초",부동산헤드라인공인중개사사무소,매매,121,고,216.36,95.97,"320,000",0,0,2026-08-22
1500073914,41380966,,단지내승진포레온공인중개사사무소,매매,301,고,194.21,144.97,"696,000",0,0,2026-08-22
1500073914,41201465,"64펜트, 귀한매물, 파노라마뷰 연출, 입주조건협의가능",부동산헤드라인공인중개사사무소,매매,416,고,211.95,156.97,"520,000",0,0,2026-08-18
1500073914,41441887,58 복층 하이엔드희소세대 주거프리미엄 커뮤니티시설,올림픽파크포레온금탑공인중개사사무소,매매,303,고,332.57,144.97,"500,000","220,000",0,2026-08-25
1500073914,41380967,,단지내승진포레온공인중개사사무소,매매,303,고,194.21,144.97,"500,000",0,0,2026-08-22
1500073914,41358876,복층펜트. 올팍뷰.롯데타워뷰. 진정한 포레온최고매물. 오래오래 사세요,대일484-7474부동산공인중개사사무소,매매,303,고,194.21,144.97,"500,000",0,0,2026-08-22
1500073914,41390254,주인직접 웅장한 복층 개방감 특별한 조건,부흥부동산공인중개사사무소,매매,303,고,332.57,144.97,"500,000","70,000",340,2026-08-24
1500073914,41251111,복층펜트. 롯데타워뷰. 시그니처라인. 더이상 말이필요없는집,대일484-7474부동산공인중개사사무소,매매,302,고,194.21,144.97,"500,000",0,0,2026-08-19
1500073914,41356139,"58,복층 펜트하우스, 집보고 결정, 파노라마 공원뷰",으뜸포레온공인중개사사무소,매매,303,고,332.57,144.97,"500,000","150,000",0,2026-08-22
1500073914,41028264,朴58p 복층 탁트인 개방감  세안고  희소성있는세대,박씨네복덕방(02-474-9939)박지언공인중개사사무소,매매,303,고,194.21,144.97,"500,000",0,0,2026-08-13
1500073914,40781411,58P 귀한 복층 매물 올팍.한강 영구조망  세대분리 거주 좋아요,다원공인중개사사무소,매매,302,고,194.21,144.97,"490,000",0,0,2026-08-05
1500073914,41352274,주인직접 웅장한 복층 개방감 특별한 조건,부흥부동산공인중개사사무소,매매,302,고,332.57,144.97,"490,000","70,000",340,2026-08-22
1500073914,40736241,"오늘 확인매물.sky 복층구조.2세대 거주가,전망 좋은 작업실주거가",올림픽파크포레온 나이스 단지내 공인중개사사무소,매매,302,고,194.21,144.97,"480,000",0,0,2026-08-04
1500073914,40590162,50 최고명당 일자산최고뷰 힐링스팟,올림픽파크포레온금탑공인중개사사무소,매매,414,중,294.29,134.98,"470,000",0,0,2026-07-30
1500073914,40779316,50.전망최고. 숲세권. 입주.풀옵션,금성484-4004(단지내30여년)포레온공인중개사사무소,매매,414,중,165.46,134.98,"470,000",0,0,2026-08-05
1500073914,41050562,50P 도심속 숲속조망으로 사계절 파노라마 뷰,다원공인중개사사무소,매매,414,중,165.46,134.98,"470,000",0,0,2026-08-12
1500073914,41226500,시티50매매 세안고 개방감좋은동 커뮤니티이용굿 럭셔리하우스,시티472-1117공인중개사사무소,매매,313,중,165.71,134.97,"460,000",0,0,2026-08-18
1500073914,41352076,50B 9호선역세권 강동중앙도서관 이용 및 커뮤니티시설 이용편리,올림픽파크포레온금탑공인중개사사무소,매매,313,저,294.53,134.97,"455,000",0,0,2026-08-22
1500073914,41050581,"50P 상가.역세권 초초근접 생활편리 조용하고 아늑한  귀한뻥뷰, 조망",다원공인중개사사무소,매매,313,저,165.71,134.97,"455,000",0,0,2026-08-12
1500073914,40989191,"50 남향뻥뷰, 그림같은숲뷰, 입주가, 강추매물",부동산헤드라인공인중개사사무소,매매,414,중,165.46,134.98,"450,000",0,0,2026-08-11
1500073914,40829690,50.대형평형 귀한 매물.뻥뷰.자연친화적 힐링라이프.숲세권.조용한단지,단지내승진포레온공인중개사사무소,매매,414,중,165.46,134.98,"450,000",0,0,2026-08-06
1500073914,41201469,"헤드, 50 남향 뻥뷰, 그림같은 숲뷰, 입주가능, 강추매물",부동산헤드라인공인중개사사무소,매매,414,중,165.46,134.98,"450,000",0,0,2026-08-18
1500073914,40685829,"50, 바로진행, 수납공간 풍부, 힐링단지, 남향,일자산 뷰",으뜸포레온공인중개사사무소,매매,410,고,165.46,134.98,"450,000",0,0,2026-08-01
1500073914,41278185,50 햇살가득한 집. 예쁜산책길. 최고급커뮤니티. 명품주거단지.,단지내하나공인중개사사무소,매매,410,고,165.46,134.98,"450,000",0,0,2026-08-20
1500073914,41333191,"50P  입주협의 도심속 웰빙거주지, 사계절 파노라마 숲 속 배경",다원공인중개사사무소,매매,410,고,165.46,134.98,"450,000",0,0,2026-08-21
1500073914,41362779,"50, 집보면 반할 집, 바로진행,관리잘된 집, 공동환영",으뜸포레온공인중개사사무소,매매,414,중,165.46,134.98,"450,000",0,0,2026-08-22
1500073914,41464193,"50P  일자산, 검단산뷰, 도심속 조용하고 아늑한   웰빙 거주지",다원공인중개사사무소,매매,412,고,165.46,134.98,"450,000",0,0,2026-08-25
1500073914,40574155,"헤드, 50, 남향 입주, 9호선, 위례초 인접, 커뮤니티 이용편리",부동산헤드라인공인중개사사무소,매매,313,중,165.71,134.97,"450,000",0,0,2026-07-29
1500073914,41251115,50. 리조트 풀소유전망. 입주가능매물. 사계절만끽하는 이매물,대일484-7474부동산공인중개사사무소,매매,412,고,165.46,134.98,"435,000",0,0,2026-08-19
1500073914,41175987,50 두쫀쿠 랜드마크 일자산 갤러리뷰 피톤치드 굿,올림픽파크포레온금탑공인중개사사무소,매매,410,고,294.29,134.98,"430,000",0,0,2026-08-18
1500073914,41044849,"헤드, 50, 무주택 세안고, 숲세권, 해잘드는집",부동산헤드라인공인중개사사무소,매매,410,고,165.46,134.98,"430,000",0,0,2026-08-12
1500073914,41266634,"43A,가장선호하는동 뻥뷰  9호선이용편리 위례초학군",포레온행운(471-3999)공인중개사사무소,매매,317,고,142.48,109.98,"430,000",0,0,2026-08-20
1500073914,41266635,"43A, 커뮤니티시설 이용편리.",포레온행운(471-3999)공인중개사사무소,매매,306,저,142.48,109.98,"430,000",0,0,2026-08-20
1500073914,40574152,"50 남향, 숲뷰, 조용하고해잘드는집, 세안고",부동산헤드라인공인중개사사무소,매매,410,중,165.46,134.98,"427,000",0,0,2026-07-29
1500073914,40989197,"50 남향, 일자산뻥뷰, 입주, 최상의매물",부동산헤드라인공인중개사사무소,매매,411,중,165.46,134.98,"420,000",0,0,2026-08-11
1500073914,41087859,50 매매강추. 주인전담. 입주협의. 숲세권.,THE포레온삼천사부동산중개법인(주),매매,411,고,294.29,134.98,"420,000","220,000",0,2026-08-14
1500073914,41088517,50  세안고매매강추. 숲세권. 힐링아파트.고급커뮤니티. 예쁜 산책길,THE포레온삼천사부동산중개법인(주),매매,410,고,294.29,134.98,"420,000",0,0,2026-08-14
1500073914,40805595,"세낀매매, 무주택자 득템 매물,집보기 가능, 주인바로, 남향 고층",올림픽파크포레온 나이스 단지내 공인중개사사무소,매매,413,고,165.46,134.98,"420,000",0,0,2026-08-06
1500073914,41356361,"50 남향, 그린벨트뻥뷰, 입주협의가능, 최저가",부동산헤드라인공인중개사사무소,매매,411,중,294.29,134.98,"420,000",0,0,2026-08-22
1500073914,41467013,"50 남향 그린벨트뷰, 최상매물, 입주",부동산헤드라인공인중개사사무소,매매,412,중,165.46,134.98,"420,000",0,0,2026-08-25
1500073914,41201467,"50 남향 정원뷰, 입주가능, 숲세권",부동산헤드라인공인중개사사무소,매매,411,저,165.46,134.98,"410,000",0,0,2026-08-18
1500073914,41193633,"50,초록초록 쾌적한단지,완벽숲라인,저층이지만 좋아요",대일484-7474부동산공인중개사사무소,매매,411,저,165.46,134.98,"410,000",0,0,2026-08-18
1500073914,41214762,50 줄리엣발코니 일자산 갤러리뷰 피톤치드 힐링스팟,올림픽파크포레온금탑공인중개사사무소,매매,413,저,294.29,134.98,"410,000",0,0,2026-08-19
1500073914,41325188,50A. 완벽한 정원조망 숲뷰. 저층이지만 너무 좋습니다,대일484-7474부동산공인중개사사무소,매매,412,저,165.46,134.98,"410,000",0,0,2026-08-21
1500073914,41251127,저층이지만 완벽숲뷰. 동선채광 로얄동. 진정한 포레온매물,대일484-7474부동산공인중개사사무소,매매,413,저,165.46,134.98,"410,000",0,0,2026-08-19
1500073914,41178448,50 최저급매. 주인전담. 더블역세권. 조용한숲세권. 집보기가능.,THE포레온삼천사부동산중개법인(주),매매,412,중,294.29,134.98,"400,000",0,0,2026-08-18
1500073914,41349745,"50, 1순위 매물, 세안고,일자산 액자뷰, 바로진행",으뜸포레온공인중개사사무소,매매,411,저,165.46,134.98,"400,000",0,0,2026-08-21
1500073914,41400650,윤.43 l 로얄 l 집보고 결정 l 정상입주,윤포레온공인중개사사무소,매매,307,저,142.48,109.98,"400,000",0,0,2026-08-24
1500073914,40597869,43A. 승진추천. 귀한 입주 매물. 로얄동 트인뷰. 리조트급 커뮤니티,단지내승진포레온공인중개사사무소,매매,307,저,142.48,109.98,"400,000",0,0,2026-07-30
1500073914,40987834,43P  위례초배정 주인거주 입주협의 조망. 채광.통풍 굿 9호선상가,다원공인중개사사무소,매매,307,저,142.48,109.98,"400,000",0,0,2026-08-11
1500073914,40986025,마음43 정원조망 판상형 남향 입주가능,마음공인중개사사무소,매매,307,저,142.48,109.98,"400,000",0,0,2026-08-11
1500073914,41207986,로얄43p. 귀한3단지 방4개 아름다운뻥뷰 더블역세권 올공생활권,로얄(02-470-0113)공인중개사사무소,매매,307,저,142.48,109.98,"400,000",0,0,2026-08-18
1500073914,40570746,로얄43p. 인기9호선가까운동 판상형 세대창고 수영장 조중식,로얄(02-470-0113)공인중개사사무소,매매,307,저,142.48,109.98,"395,000",0,0,2026-07-29
1500073914,41270043,"nice.오늘확인,입주가능 1단지 입주하면 일이 술술 풀리는복 많은집",올림픽파크포레온 나이스 단지내 공인중개사사무소,매매,120,중,142.48,109.98,"380,000",0,0,2026-08-20
1500073914,41331332,"헤드, 43 남향, 입주가능, 5호선, 메인상가, 커뮤니티 이용편리",부동산헤드라인공인중개사사무소,매매,120,중,142.48,109.98,"380,000",0,0,2026-08-21
1500073914,40569155,"43A, 커뮤니티시설 이용편리. 입주협의가능해요",포레온행운(471-3999)공인중개사사무소,매매,205,중,142.48,109.98,"380,000",0,0,2026-07-29
1500073914,41467020,"43A 남향, 뻥뷰, 입주가, 9호선역세권, 위례초",부동산헤드라인공인중개사사무소,매매,317,중,142.48,109.98,"380,000",0,0,2026-08-25
1500073914,41204090,"43P 급매물 조건협의 바로입주가능  채광,조망 좋은 거주지.",다원공인중개사사무소,매매,306,중,142.48,109.98,"380,000",0,0,2026-08-18
1500073914,41400656,43 l 선호단지 l 정상입주 l 집보고 결정,윤포레온공인중개사사무소,매매,307,저,142.48,109.98,"380,000",0,0,2026-08-24
1500073914,41231040,"43B, 커뮤니티시설 이용편리. 입주협의가능해요, 세 안고 매매.",포레온행운(471-3999)공인중개사사무소,매매,317,저,144.12,109.99,"380,000",0,0,2026-08-19
1500073914,41356405,"43 남향, 9호선초역세권, 전망좋음, 입주협의가능",부동산헤드라인공인중개사사무소,매매,317,중,0.00,109.99,"380,000",0,0,2026-08-22
1500073914,41356373,"헤드, 43, 5호선, 메인상가, 둔촌초 인접, 로얄동, 커뮤니티이용편리",부동산헤드라인공인중개사사무소,매매,107,저,247.45,109.98,"370,000",0,0,2026-08-22
1500073914,41358878,포레온43.커뮤니티 초접근동. 완벽정원뷰. 볕잘드는집. 풀리모델링집,대일484-7474부동산공인중개사사무소,매매,107,저,142.48,109.98,"370,000",0,0,2026-08-22
1500073914,41375276,"헤드, 43 남향, 입주, 로얄동, 정원뷰, 5호선, 커뮤니티 이용 편리",부동산헤드라인공인중개사사무소,매매,107,저,142.48,109.98,"370,000",0,0,2026-08-22
1500073914,41403001,"43A,5호선이용편리",포레온행운(471-3999)공인중개사사무소,매매,107,저,142.48,109.98,"370,000",0,0,2026-08-24
1500073914,41449187,43A. 정원뷰. 귀한 볕잘들고 수영장 바로코앞. 저층 포레온일등매물,대일484-7474부동산공인중개사사무소,매매,107,저,142.48,109.98,"370,000",0,0,2026-08-25
1500073914,41467012,"헤드, 43, 5호선, 메인상가, 둔촌초 인접, 커뮤니티이용편리",부동산헤드라인공인중개사사무소,매매,107,저,142.48,109.98,"370,000",0,0,2026-08-25
1500073914,41481157,43 하이엔드 주거생활 줄리엣테라스 스포츠컴플렉스이용굿,올림픽파크포레온금탑공인중개사사무소,매매,107,저,247.45,109.98,"370,000",0,0,2026-08-26
1500073914,41251116,"43,추천매물,채광좋아요,풀옵션,최고급커뮤니티,조용쾌적 동간격 굿",대일484-7474부동산공인중개사사무소,매매,107,저,142.48,109.98,"370,000",0,0,2026-08-19
1500073914,41464196,"43P 위례초배정, 조용한 정원뷰, 비스포크, 식세기, 안방붙 등 풀옵션",다원공인중개사사무소,매매,207,저,142.48,109.98,"370,000",0,0,2026-08-25
1500073914,41449191,"43,추천매물,채광좋아요,풀옵션,최고급커뮤니티,조용 쾌적 조망권 굿",대일484-7474부동산공인중개사사무소,매매,425,저,142.48,109.98,"360,000",0,0,2026-08-25
1500073914,40737487,43 l 집보기 가능 l 쾌적한 녹섹뷰 에 살아요,윤포레온공인중개사사무소,매매,416,중,144.12,109.99,"360,000",0,0,2026-08-04
1500073914,40559424,"nice  파노라마뷰, 환상적인 뷰를 품은 집,포레온의 뷰 맛집.",올림픽파크포레온 나이스 단지내 공인중개사사무소,매매,416,중,144.12,109.99,"360,000",0,0,2026-07-29
1500073914,41174010,43 급매. 입주. 독립된구조.위례초. 채광굿. 더블역세권,THE포레온삼천사부동산중개법인(주),매매,416,중,249.09,109.99,"360,000","183,000",200,2026-08-18
1500073914,41099641,"43, 집보고 결정, 바로 진행, 입주, 일자산뷰",으뜸포레온공인중개사사무소,매매,416,중,144.12,109.99,"360,000",0,0,2026-08-14
1500073914,40883552,"43.남향 하루종일 햇살가득, 살아보면 반하는집",홍익포레온475-8889(단지내)공인중개사사무소,매매,416,중,144.12,109.99,"360,000",0,0,2026-08-08
1500073914,40597872,"37.주인거주 입주가능. 시원한 뷰. 5,9호선 더블역세권.",단지내승진포레온공인중개사사무소,매매,210,저,125.41,95.97,"360,000",0,0,2026-07-30
1500073914,40767805,37 남향. 프리미엄대단지. 최고급 커뮤니티. 채광굿. 주거만족 최상,단지내하나공인중개사사무소,매매,210,저,216.36,95.97,"360,000",0,0,2026-08-05
1500073914,41251117,"43,채광굿,풀옵션,최고급커뮤니티,사계절 아름다운 단지조망권,일자산뷰",대일484-7474부동산공인중개사사무소,매매,425,저,142.48,109.98,"358,000",0,0,2026-08-19
1500073914,41331338,"43 남향, 뻥뷰, 입주, 강추매물",부동산헤드라인공인중개사사무소,매매,404,고,144.12,109.99,"355,000",0,0,2026-08-21
1500073914,41331338,"43 남향, 뻥뷰, 입주, 강추매물",부동산헤드라인공인중개사사무소,매매,404,고,144.12,109.99,"355,000",0,0,2026-08-21
1500073914,41356380,"43A 남향, 입주, 완전뻥뷰, 최저가",부동산헤드라인공인중개사사무소,매매,404,고,247.45,109.98,"355,000",0,0,2026-08-22
1500073914,40766859,43 급매. 최저가. 판상형. 인기3단지. 9호선.올림픽공원,THE포레온삼천사부동산중개법인(주),매매,306,고,247.45,109.98,"355,000",0,0,2026-08-05
1500073914,40740335,시티 43매매 세안고매매 하이앤드아파트 더블역세권 대규모커뮤니티,시티472-1117공인중개사사무소,매매,306,고,142.48,109.98,"355,000",0,0,2026-08-04
1500073914,40740336,시티 43매매 세안고 더블역세권 커뮤니티이용굿 조경잘된 시그니쳐동,시티472-1117공인중개사사무소,매매,306,고,142.48,109.98,"355,000",0,0,2026-08-04
1500073914,40989190,"43A 남향, 최저가, 위례초, 9호선역세권, 세안고",부동산헤드라인공인중개사사무소,매매,306,고,142.48,109.98,"355,000",0,0,2026-08-11
1500073914,41356365,"43A 남향, 최저가, 위례초, 9호선역세권, 전세안고, 입주협의가",부동산헤드라인공인중개사사무소,매매,306,고,247.45,109.98,"355,000",0,0,2026-08-22
1500073914,41239751,"인기있는 판상형 매물,지하철,상가 커뮤니티 편리한 집,선순위매매.",올림픽파크포레온 나이스 단지내 공인중개사사무소,매매,120,중,247.45,109.98,"350,000",0,0,2026-08-18
1500073914,41310643,"인기있는 판상형 매물,지하철,상가 커뮤니티 편리한 집,선순위매매.",올림픽파크포레온 나이스 단지내 공인중개사사무소,매매,120,중,247.45,109.98,"350,000",0,0,2026-08-21
1500073914,41407254,37A. 단지내 중앙 위치로 최고 로얄동 로얄층. 확트인 뷰. 더블역세권,단지내승진포레온공인중개사사무소,매매,208,고,125.41,95.97,"350,000",0,0,2026-08-24
1500073914,40522579,시티43매매 동간거리 넓음 쾌적하고 조용한 숲뷰,시티472-1117공인중개사사무소,매매,416,중,144.12,109.99,"350,000",0,0,2026-07-28
1500073914,41044860,"43A 남향, 최저가급매, 입주가능, 해잘드는집. 뷰도 좋음",부동산헤드라인공인중개사사무소,매매,404,중,142.48,109.98,"350,000",0,0,2026-08-12
1500073914,41091501,43. 세안고. 급매. 바로출발 가능,홍익포레온475-8889(단지내)공인중개사사무소,매매,416,중,144.12,109.99,"350,000",0,0,2026-08-14
1500073914,41333197,43P 빠른입주가능 조용하고 아늑한 웰빙 조망  채광.통풍 굿,다원공인중개사사무소,매매,404,저,142.48,109.98,"350,000",0,0,2026-08-21
1500073914,41251118,43남.리조트급전망.어차피 비교하다 다시 돌아올 매물. 보시면계약,대일484-7474부동산공인중개사사무소,매매,416,중,144.12,109.99,"350,000",0,0,2026-08-19
1500073914,41449190,43남향. 현재 찐 최저가매물. 숲조망을 원하신다면. 사계절 만끽,대일484-7474부동산공인중개사사무소,매매,404,중,144.12,109.99,"350,000",0,0,2026-08-25
1500073914,41204095,"37P 입주가능 조건협의, 더블역세권, 채광.통풍. 조망 굿",다원공인중개사사무소,매매,210,저,125.41,95.97,"349,000",0,0,2026-08-18
1500073914,40579505,37. 햇살 좋은 남향.5호선상가 이용편리.근린공원인근.커뮤니티편리,단지내승진포레온공인중개사사무소,매매,122,저,125.41,95.97,"345,000",0,0,2026-07-29
1500073914,40585345,윤.37 l 남향 l 알파룸 l 판상형 l 진출입 우수,윤포레온공인중개사사무소,매매,122,저,125.41,95.97,"345,000",0,0,2026-07-29
1500073914,40563916,시티 37매매 12월이후입주가 대단지커뮤니티 럭셔리아파트 초품아,시티472-1117공인중개사사무소,매매,123,저,125.41,95.97,"345,000",0,0,2026-07-29
1500073914,40596197,"37남향판상 밝은집, 상가및 커뮤니티이용 편리,  5호선과 버스편리",누리부동산공인중개사사무소 ,매매,122,저,125.41,95.97,"345,000",0,0,2026-07-30
1500073914,40767073,37매매  편안한 정원뷰.  판상형  더블역세권 상가이용편리,THE포레온삼천사부동산중개법인(주),매매,122,저,259.76,95.97,"345,000","150,000",0,2026-08-05
1500073914,40779322,37.입주.남향.채광좋은집. 5호선역상가 이용편리,금성484-4004(단지내30여년)포레온공인중개사사무소,매매,122,저,125.41,95.97,"345,000",0,0,2026-08-05
1500073914,40784779,37. 하나추천. 햇살가득한집. 최고급프리미엄단지. 주거만족 최상,단지내하나공인중개사사무소,매매,122,저,125.41,95.97,"345,000",0,0,2026-08-05
1500073914,40799315,37 남향. 12월입주. 커뮤니티이용편리. 최고급프리미엄단지.,단지내하나공인중개사사무소,매매,122,저,0.00,95.97,"345,000",0,0,2026-08-06
1500073914,40879343,포레온37 남향  채광좋은 집 역세권 고급 커뮤니티시설,잠실황금리치공인중개사사무소,매매,122,저,216.36,95.97,"345,000",0,0,2026-08-08
1500073914,40931806,37.포레스트웨이길.5호선상가이용편리.버스정류장 바로옆,단지내승진포레온공인중개사사무소,매매,122,저,125.41,95.97,"345,000",0,0,2026-08-10
1500073914,41157194,"37 주인의뢰 l 창밖이 공원, 판상형, 따뜻한 정남향",잠래아진주공인중개사사무소,매매,122,저,125.41,95.97,"345,000",0,0,2026-08-17
1500073914,41398570,朴37 추천 남향  알파룸o  5호선상가이용편리  커뮤니티시설최상,박씨네복덕방(02-474-9939)박지언공인중개사사무소,매매,122,저,125.41,95.97,"345,000",0,0,2026-08-24
1500073914,41412189,,성심포레온(483-0070)단지내공인중개사사무소,매매,122,저,125.41,95.97,"345,000",0,0,2026-08-24
1500073914,41207404,37 찐매물 12월입주가능 예쁜정원뷰 집보시면 맘에드실꺼예요,마음공인중개사사무소,매매,122,저,125.41,95.97,"345,000",0,0,2026-08-18
1500073914,41207984,로얄37.  귀한로얄호실 뻥트인뷰 입주가능 만족도최상커뮤니티,로얄(02-470-0113)공인중개사사무소,매매,122,저,125.41,95.97,"345,000",0,0,2026-08-18
1500073914,41265328,주인직접.입주협의가능.정원뷰 로얄동,성심포레온(483-0070)단지내공인중개사사무소,매매,122,저,216.36,95.97,"345,000",0,0,2026-08-20
1500073914,41276447,포레온37 남향  채광좋은 집 역세권 고급 커뮤니티시설,잠실황금리치공인중개사사무소,매매,122,저,125.41,95.97,"345,000",0,0,2026-08-20
1500073914,41481373,37 정원뷰 숲속동간산책로 굿 러닝크루굿,올림픽파크포레온금탑공인중개사사무소,매매,122,저,216.36,95.97,"345,000",0,0,2026-08-26
1500073914,41396466,43 급매. 최저가. 입주협의. 5호선역세권.상가이용편리. 대단지신축.,THE포레온삼천사부동산중개법인(주),매매,120,저,247.45,109.98,"343,000","50,000",320,2026-08-24
1500073914,41467018,"43A 남향, 정원뷰, 입주협의가능, 둔촌초, 최저가",부동산헤드라인공인중개사사무소,매매,118,저,142.48,109.98,"343,000",0,0,2026-08-25
1500073914,41473066,43A. 승진추천. 급매 최저가. 정원뷰. 리조트급 커뮤니티. 5호선이용,단지내승진포레온공인중개사사무소,매매,118,저,142.48,109.98,"343,000",0,0,2026-08-25
1500073914,41193630,43남향. 리조트 뷰. 이보다 저렴한 매물은 없어요. 입주협의,대일484-7474부동산공인중개사사무소,매매,118,저,142.48,109.98,"343,000",0,0,2026-08-18
1500073914,41204093,"37P  조건협의 위례초배정  서하남IC,남한산성뷰 더블역세권",다원공인중개사사무소,매매,208,고,125.41,95.97,"340,000",0,0,2026-08-18
1500073914,41197186,37.시원한 뻥뷰. 로얄동.남향. 세안고.,금성484-4004(단지내30여년)포레온공인중개사사무소,매매,208,고,125.41,95.97,"340,000",0,0,2026-08-18
1500073914,41070915,"nice 매물, 뻥뷰, 로얄호, 포레온 최고 매물, 9호선5호선 더블",올림픽파크포레온 나이스 단지내 공인중개사사무소,매매,208,고,125.41,95.97,"340,000",0,0,2026-08-13
1500073914,41075408,,윤포레온공인중개사사무소,매매,208,고,125.41,95.97,"340,000",0,0,2026-08-13
1500073914,41038204,37 주인전담.최고로얄동층 탁트인 뷰 밝고 따뜻한집. 만족도최상,THE포레온삼천사부동산중개법인(주),매매,208,고,216.36,95.97,"340,000","60,000",260,2026-08-13
1500073914,40916485,37 주인전담.최고로얄동층 탁트인 뷰 밝고 따뜻한집. 만족도최상,THE포레온삼천사부동산중개법인(주),매매,208,중,216.36,95.97,"340,000","60,000",260,2026-08-10
1500073914,41356382,"헤드, 37, 세안고, 시원한 뻥뷰, 남향, 해 잘드는집",부동산헤드라인공인중개사사무소,매매,208,고,216.36,95.97,"340,000",0,0,2026-08-22
1500073914,41233353,37 남향. 찐로얄동. 5호선. 9호선. 커뮤니티이용편리. 주거만족 최상,단지내하나공인중개사사무소,매매,210,중,0.00,95.97,"340,000",0,0,2026-08-19
1500073914,41256587,"헤드, 37, 높은세안고, 로얄동, 시원한 뻥뷰, 남향, 해 잘드는집",부동산헤드라인공인중개사사무소,매매,208,고,125.41,95.97,"340,000",0,0,2026-08-19
1500073914,41375306,37.뻥뷰. 로얄동.전망최고.로얄층,금성484-4004(단지내30여년)포레온공인중개사사무소,매매,208,고,125.41,95.97,"340,000",0,0,2026-08-22
1500073914,41070921,빨리 이사오셔서 초록초록한 햇빛 가득한 집을 누려 보세요.입주는언제나,올림픽파크포레온 나이스 단지내 공인중개사사무소,매매,426,고,125.41,95.97,"340,000",0,0,2026-08-13
1500073914,41441699,37 로얄동 뻥뷰 스포츠컴플렉스 및 카페테리아이용편리,올림픽파크포레온금탑공인중개사사무소,매매,208,고,216.36,95.97,"340,000",0,0,2026-08-25
1500073914,41450348,"nice 매물, 뻥뷰, 로얄호, 포레온 최고 매물, 9호선5호선 더블",올림픽파크포레온 나이스 단지내 공인중개사사무소,매매,208,고,125.41,95.97,"340,000",0,0,2026-08-25
1500073914,41293321,37.입주. 남향. 풀옵션.그린벨트숲세권. 전망좋음,금성484-4004(단지내30여년)포레온공인중개사사무소,매매,427,고,125.41,95.97,"340,000",0,0,2026-08-20
1500073914,41467041,37.주인거주. 입주. 트인전망. 9호선역세권,금성484-4004(단지내30여년)포레온공인중개사사무소,매매,427,고,125.41,95.97,"340,000",0,0,2026-08-25
1500073914,41481322,43 골든타임기회 로얄2단지 역세권 커뮤니티시설및강동중앙도서관이용편리,올림픽파크포레온금탑공인중개사사무소,매매,118,저,247.45,109.98,"340,000",0,0,2026-08-26
1500073914,41251119,43 찐매물 남한산성 뻥뷰 일조권굿 조용쾌적  조망권굿,대일484-7474부동산공인중개사사무소,매매,118,저,142.48,109.98,"340,000",0,0,2026-08-19
1500073914,41449193,43P.A타입.남향. 여기가 찐. 이보다 저렴할순 없어요. 입주가능,대일484-7474부동산공인중개사사무소,매매,118,저,142.48,109.98,"340,000",0,0,2026-08-25
1500073914,41251129,37. 포레온 일퍼센트. 원하신다면 빠른연락요망. 세안고. 입주도가능,대일484-7474부동산공인중개사사무소,매매,208,중,125.41,95.97,"335,000",0,0,2026-08-19
1500073914,41414489,로얄37.  귀한로얄호실 뻥트인뷰 입주가능 만족도최상커뮤니티,로얄(02-470-0113)공인중개사사무소,매매,121,중,125.41,95.97,"335,000",0,0,2026-08-24
1500073914,41053031,로얄37p. 9호선이용용이 남향 선호하는판상형 넓은거실 일자산뻥뷰,로얄(02-470-0113)공인중개사사무소,매매,426,고,125.41,95.97,"330,000",0,0,2026-08-13
1500073914,41204091,"37P 빠른입주,  웰빙 조망, 채광, 통풍 굿, 조건협의",다원공인중개사사무소,매매,427,고,125.41,95.97,"330,000",0,0,2026-08-18
1500073914,41270868,37 두쫀쿠전망 리조트 피톤치드힐링뷰 고급전원주택거주느낌,올림픽파크포레온금탑공인중개사사무소,매매,427,고,216.36,95.97,"330,000",0,0,2026-08-20
1500073914,40881744,"세낀매매, 입주협의가능. 초록이 보이는 정원뷰. 꽃뷰 가득한집",올림픽파크포레온 나이스 단지내 공인중개사사무소,매매,209,저,216.36,95.97,"325,000",0,0,2026-08-08
1500073914,40974785,37. 남향. 햇살좋은집. 포레온 입성기회,홍익포레온475-8889(단지내)공인중개사사무소,매매,210,중,125.41,95.97,"325,000",0,0,2026-08-11
1500073914,40867620,"숲전망, 어린이집 초중고 도보5분, 9호선 역세권 입주가능",포레온9프라임부동산중개사무소,매매,417,중,112.98,84.99,"325,000",0,0,2026-08-07
1500073914,41325182,37 최상급. 보면 바로계약될집. 위치.뷰.층 최상급,대일484-7474부동산공인중개사사무소,매매,427,고,125.41,95.97,"325,000",0,0,2026-08-21
1500073914,41398572,朴37p 옵션풀 남향 일조권우수 세안고 단지정원뷰,박씨네복덕방(02-474-9939)박지언공인중개사사무소,매매,121,저,125.41,95.97,"325,000",0,0,2026-08-24
1500073914,41396972,37 매매. 더블역세권. 실거주만족최고. 채광굿. 역세권. 상가이용편리.,THE포레온삼천사부동산중개법인(주),매매,121,고,216.36,95.97,"325,000",0,0,2026-08-24
1500073914,41325195,"37,컨디션 최상,풀옵션,역세권 라이프,입주가능 매물입니다",대일484-7474부동산공인중개사사무소,매매,122,고,125.41,95.97,"325,000",0,0,2026-08-21
1500073914,40467724,37 매매강추. 입주. 판상형 남향 넓은내부 센터입지 더블역세권,THE포레온삼천사부동산중개법인(주),매매,210,고,216.36,95.97,"325,000","125,000",230,2026-07-27
1500073914,41204089,"34P 올팍영구조망, 5호선메인상가 생활편리, 주인거주 중",다원공인중개사사무소,매매,108,고,112.69,84.99,"325,000",0,0,2026-08-18
1500073914,40514165,37매매강추. 남향. 입주  채광굿.  조용한위치. 더블역세권,THE포레온삼천사부동산중개법인(주),매매,122,고,216.36,95.97,"325,000",0,0,2026-07-28
1500073914,40590300,37  매매. 입주협의. 더블역세권.만족도 최고,THE포레온삼천사부동산중개법인(주),매매,122,중,216.36,95.97,"325,000",0,0,2026-07-30
1500073914,40916964,"34F 남향, 올림픽공원 뻥뷰, 입주, 귀한매물",부동산헤드라인공인중개사사무소,매매,303,저,194.95,84.99,"323,000",0,0,2026-08-10
1500073914,40823218,"34. 집보기가능, 입주가능, 탁트인뷰, 좋은층",포레온(단지내)채움부동산공인중개사사무소,매매,303,저,114.42,84.99,"323,000",0,0,2026-08-06
1500073914,40765289,"오늘확인,입주가능 3단지 입주하면 일이 술술 풀리는 복 많은 집",올림픽파크포레온 나이스 단지내 공인중개사사무소,매매,303,저,194.95,84.99,"323,000",0,0,2026-08-05
1500073914,40735747,"오늘확인,입주가능 3단지 입주하면 일이 술술 풀리는 복 많은 집",올림픽파크포레온 나이스 단지내 공인중개사사무소,매매,303,중,194.95,84.99,"323,000",0,0,2026-08-04
1500073914,41094255,37A. 리조트 풀조망. 더이상 말이 필요없습니다. 초중고품아.9호선,대일484-7474부동산공인중개사사무소,매매,427,고,125.41,95.97,"323,000",0,0,2026-08-14
1500073914,41251123,완벽숲조망. 추천급매. 별장동. 정상입주. 사계절뷰맛집,대일484-7474부동산공인중개사사무소,매매,427,고,125.41,95.97,"323,000",0,0,2026-08-19
1500073914,40467611,34 입주매매강추. 랜드마크동. 로얄위치. 양창 탁트인뷰. 올림픽공원,THE포레온삼천사부동산중개법인(주),매매,303,중,194.95,84.99,"323,000",0,0,2026-07-27
1500073914,40469364,34 입주매매. 동향. 선호위치. 트인뷰. 팬트리.위례초. 올림픽공원.,THE포레온삼천사부동산중개법인(주),매매,311,고,194.80,84.99,"320,000",0,0,2026-07-27
1500073914,40501825,34.스트림웨이길.9호선상가이용편리.커뮤니티 바로 아래.,단지내승진포레온공인중개사사무소,매매,311,고,114.26,84.99,"320,000",0,0,2026-07-27
1500073914,41481360,37A 줄리엣테라스 하이엔드 커뮤니티시설 및 강동중앙도서관 굿,올림픽파크포레온금탑공인중개사사무소,매매,121,중,216.36,95.97,"320,000",0,0,2026-08-26
1500073914,41467008,"헤드, 37, 입주협의, 5호선, 메인상가, 둔촌초, 커뮤니티",부동산헤드라인공인중개사사무소,매매,121,중,125.41,95.97,"320,000",0,0,2026-08-25
1500073914,41467021,"37 남향, 최저가, 입주가능, 뷰좋은라인, 메인상가인접",부동산헤드라인공인중개사사무소,매매,121,고,125.41,95.97,"320,000",0,0,2026-08-25
1500073914,41419148,"37 남향, 입주가능, 뷰좋은라인, 5호선역세권, 메인상가",부동산헤드라인공인중개사사무소,매매,121,고,125.41,95.97,"320,000",0,0,2026-08-24
1500073914,41446885,37. 입주협의. 확실출발. 지금이 매수기회,홍익포레온475-8889(단지내)공인중개사사무소,매매,123,중,125.41,95.97,"320,000",0,0,2026-08-25
1500073914,41398573,朴씨네37p  추천매물 세안고 단지조경뷰 명품커뮤니티,박씨네복덕방(02-474-9939)박지언공인중개사사무소,매매,122,저,125.41,95.97,"320,000",0,0,2026-08-24
1500073914,41380965,"34.단지 중앙위치로 커뮤니티 이용편리하고 5,9호선 모두이용가능",단지내승진포레온공인중개사사무소,매매,206,고,112.98,84.99,"320,000",0,0,2026-08-22
1500073914,40742915,"전망좋은로얄층,뻥뷰,5호선둔촌동역 5분",신동아공인중개사사무소,매매,204,고,112.98,84.99,"320,000",0,0,2026-08-04
1500073914,41155202,"입주매매,1주택매도후 매수 가능, 입주일 협의가,정원뷰, 꽃나무 앞집",올림픽파크포레온 나이스 단지내 공인중개사사무소,매매,122,저,216.36,95.97,"320,000",0,0,2026-08-17
1500073914,41065242,시티 34매매 남향 5호선역세권 커뮤니티이용편리,시티472-1117공인중개사사무소,매매,122,고,112.69,84.99,"320,000",0,0,2026-08-13
1500073914,40933981,"전망좋은 로얄층,시스템에어컨,확장",신동아공인중개사사무소,매매,204,고,112.98,84.99,"320,000",0,0,2026-08-10
1500073914,41467005,"34F 남향, 양창 뻥뷰, 위례초. 9호선역세권, 입주",부동산헤드라인공인중개사사무소,매매,303,저,114.42,84.99,"320,000",0,0,2026-08-25
1500073914,41467037,34.입주.뻥뷰.남향.공원뷰,금성484-4004(단지내30여년)포레온공인중개사사무소,매매,310,고,112.69,84.99,"320,000",0,0,2026-08-25
1500073914,41441855,34 입주매물 두쫀쿠전망 로얄패밀리성지 로얄오브로얄,올림픽파크포레온금탑공인중개사사무소,매매,303,저,194.95,84.99,"320,000",0,0,2026-08-25
1500073914,41442663,34 두쫀쿠뷰 하이엔드 스포츠컴플렉스 및 강동중앙도서관이용,올림픽파크포레온금탑공인중개사사무소,매매,311,고,194.80,84.99,"320,000",0,0,2026-08-25
1500073914,41446884,"34. 시원한올림픽공원 영구조망권, 최상급매물, 입주",홍익포레온475-8889(단지내)공인중개사사무소,매매,303,중,114.42,84.99,"320,000",0,0,2026-08-25
1500073914,41414490,,로얄(02-470-0113)공인중개사사무소,매매,303,저,112.69,84.99,"320,000",0,0,2026-08-24
1500073914,40736832,34. 시원한뷰. 로얄동. 더블역세권.,홍익포레온475-8889(단지내)공인중개사사무소,매매,311,고,114.26,84.99,"320,000",0,0,2026-08-04
1500073914,40597873,34H. 승진 추천.입주협의가능.선호도 높은 단지.위례초앞.9호선 편리,단지내승진포레온공인중개사사무소,매매,311,고,114.26,84.99,"320,000",0,0,2026-07-30
1500073914,40515395,34 매매. 남향.입주협의.채광굿.판상형. 선호위치. 위례초.올림픽공원.,THE포레온삼천사부동산중개법인(주),매매,311,중,193.22,84.99,"320,000",0,0,2026-07-28
1500073914,40592722,34 l 추천 l 조건협의 l 입주가능 l 인기단지,윤포레온공인중개사사무소,매매,303,저,114.42,84.99,"320,000",0,0,2026-07-30
1500073914,40820299,"34P 주인거주, 위례초 배정, 조망좋고 조용한 거주지",다원공인중개사사무소,매매,311,고,114.26,84.99,"320,000",0,0,2026-08-06
1500073914,40789853,"34, 집보고 결정,입주, 관리잘 된 집, 수납공간 굿,공동가능",으뜸포레온공인중개사사무소,매매,311,고,114.26,84.99,"320,000",0,0,2026-08-05
1500073914,40797377,34 입주매매.판상형. 선호위치. 위례초. 올림픽공원. 9호선역세권,THE포레온삼천사부동산중개법인(주),매매,312,중,193.22,84.99,"320,000",0,0,2026-08-06
1500073914,40884276,34.입주 l 역세권 l 숲세권 l 학세권 l 트인뷰,윤포레온공인중개사사무소,매매,311,고,114.26,84.99,"320,000",0,0,2026-08-08
1500073914,41014136,입주매매. 1주택도 살수 있는 입주가능매매. 판상형.잔금일 조율가능,올림픽파크포레온 나이스 단지내 공인중개사사무소,매매,312,고,112.69,84.99,"320,000",0,0,2026-08-12
1500073914,41065243,시티34매매 실입주 남향 9호선역세권 위례초 로얄층,시티472-1117공인중개사사무소,매매,312,중,112.69,84.99,"320,000",0,0,2026-08-13
1500073914,41207403,마음추천 34 입주 펜트리있는타입 개방감최상위 9호선이용편리,마음공인중개사사무소,매매,311,고,114.26,84.99,"320,000",0,0,2026-08-18
1500073914,41226437,34남향  하나추천. 뷰짱. 주거만족 최상. 위례초. 동북중고.,단지내하나공인중개사사무소,매매,311,중,112.69,84.99,"320,000",0,0,2026-08-19
1500073914,41325180,34F. 올파포 시그니처동. 뷰맛집. 입주협의조건. 여기가 진심,대일484-7474부동산공인중개사사무소,매매,303,고,114.42,84.99,"320,000",0,0,2026-08-21
1500073914,41356273,34 입주매매강추. 랜드마크동. 로얄위치. 양창 탁트인뷰. 올림픽공원,THE포레온삼천사부동산중개법인(주),매매,303,저,194.95,84.99,"320,000",0,0,2026-08-22
1500073914,41333195,"34P 입주가능 조건협의, 단지내 귀한 올팍영구조망 뻥뷰",다원공인중개사사무소,매매,303,저,114.42,84.99,"320,000",0,0,2026-08-21
1500073914,41398571,朴34p  로얄동 남향 양창거실확트인뷰 입주협의가,박씨네복덕방(02-474-9939)박지언공인중개사사무소,매매,303,저,114.42,84.99,"320,000",0,0,2026-08-24
1500073914,41398574,朴씨네34p 고층 남향  9호선역세권  입주협의가,박씨네복덕방(02-474-9939)박지언공인중개사사무소,매매,311,고,112.69,84.99,"320,000",0,0,2026-08-24
1500073914,41325191,34A. 포레온 극강초품아. 커뮤니티 최근접동. 단지최상급. 입주매물,대일484-7474부동산공인중개사사무소,매매,107,중,112.69,84.99,"318,000",0,0,2026-08-21
1500073914,41226438,37 햇살가득한집. 주인거주. 역세권. 주거만족 굿. 시그니처커뮤니티,단지내하나공인중개사사무소,매매,122,저,125.41,95.97,"318,000",0,0,2026-08-18
1500073914,41464192,34P  고층이라 채광 .조망굿 위례초배정 커뮤니티근접 생활편리 늦은잔금,다원공인중개사사무소,매매,312,고,112.69,84.99,"318,000",0,0,2026-08-25
1500073914,41349747,"37, 급매, 입주 협의, 남향, 판상형",으뜸포레온공인중개사사무소,매매,123,고,125.41,95.97,"315,000",0,0,2026-08-21
1500073914,41325193,37 입주협의가능 정원뷰좋아요,대일484-7474부동산공인중개사사무소,매매,124,저,125.41,95.97,"315,000",0,0,2026-08-21
1500073914,41358879,"대일 37 특, 정원뷰, 입주되는 매물, 최저가입니다",대일484-7474부동산공인중개사사무소,매매,123,저,125.41,95.97,"315,000",0,0,2026-08-22
1500073914,41450353,"입주매매,1주택매도후 매수가.초록초록한 햇빛 가득한집을누려보세요",올림픽파크포레온 나이스 단지내 공인중개사사무소,매매,122,저,125.41,95.97,"315,000",0,0,2026-08-25
1500073914,41453681,"37, 급매,세안고, 입주협의, 고층, 일조량 굿",으뜸포레온공인중개사사무소,매매,122,중,125.41,95.97,"315,000",0,0,2026-08-25
1500073914,41325194,34A. 입주물. 대한.민국. 최대.단지. 일등.업소. 매물.多.보유,대일484-7474부동산공인중개사사무소,매매,108,중,112.69,84.99,"315,000",0,0,2026-08-21
1500073914,41449188,84A. 말이필요없는 포레온 로얄매물. 세안고. 빠른입주도 가능,대일484-7474부동산공인중개사사무소,매매,108,중,112.69,84.99,"315,000",0,0,2026-08-25
1500073914,41481210,34 하이엔드 스포츠컴플렉스 및 강동중앙도서관이용,올림픽파크포레온금탑공인중개사사무소,매매,108,중,193.22,84.99,"315,000",0,0,2026-08-26
1500073914,40512975,34 매매강추. 세안고. 로얄동. 판상형. 5호선역세권.메인상가.,THE포레온삼천사부동산중개법인(주),매매,108,고,193.22,84.99,"315,000",0,0,2026-07-28
1500073914,41094253,84남. 포레온 일등매매. 이집이 진짜 찾는집. 세안고 미리사두세요,대일484-7474부동산공인중개사사무소,매매,108,중,112.69,84.99,"315,000",0,0,2026-08-14
1500073914,41201470,"34A 남향, 뷰가 완전좋은집, 세안고, 커뮤니티인접, 최고의매물",부동산헤드라인공인중개사사무소,매매,108,중,112.69,84.99,"315,000",0,0,2026-08-18
1500073914,41464194,"34P 조망굿 둔촌역.메인상가 , 커뮤니티근접 생활편리 늦은잔금 조건협의",다원공인중개사사무소,매매,109,고,112.69,84.99,"315,000",0,0,2026-08-25
1500073914,40815913,주거만족 최상. 커뮤니티 이용편리. 트인뷰 위례초,단지내하나공인중개사사무소,매매,207,중,113.28,84.99,"315,000",0,0,2026-08-06
1500073914,41239954,"37p.  급매, 강추, 남향, 정원뷰, 입주일협의",포레온(단지내)채움부동산공인중개사사무소,매매,121,중,125.41,95.97,"315,000",0,0,2026-08-18
1500073914,41094256,대일 37 추천매물 입주일정상협의 급매 정원뷰입니다,대일484-7474부동산공인중개사사무소,매매,121,중,125.41,95.97,"315,000",0,0,2026-08-14
1500073914,41356370,"34F 남향 뻥뷰, 입주, 위례초, 강추매물",부동산헤드라인공인중개사사무소,매매,303,중,194.95,84.99,"315,000",0,0,2026-08-22
1500073914,41115579,"34F 남향, 입주, 굿뷰, 9호선역세권, 위례초",부동산헤드라인공인중개사사무소,매매,304,중,114.42,84.99,"315,000",0,0,2026-08-14
1500073914,40767730,34 두쫀쿠뷰 로얄동 하이엔드 스포츠컴플렉스이용,올림픽파크포레온금탑공인중개사사무소,매매,312,중,193.22,84.99,"315,000","80,000",200,2026-08-05
1500073914,41251130,37A. 사계절을 만끽하는집. 풀 리조트뷰. 정원뷰를 꿈꾸신다면,대일484-7474부동산공인중개사사무소,매매,121,저,125.41,95.97,"310,000",0,0,2026-08-19
1500073914,41193641,37. 입주협의됩니다. 인테리어굿.풀옵션더블역세권.쾌적하고 예쁜집,대일484-7474부동산공인중개사사무소,매매,121,고,125.41,95.97,"310,000",0,0,2026-08-18
1500073914,40802052,31. 세안고 트인뷰. 위치좋은집,홍익포레온475-8889(단지내)공인중개사사무소,매매,207,고,113.28,84.99,"310,000",0,0,2026-08-06
1500073914,40917402,34 입주강추. 판상형. 선호동. 위례초. 올림픽공원. 커뮤니티이용편리,THE포레온삼천사부동산중개법인(주),매매,312,고,193.22,84.99,"310,000",0,0,2026-08-10
1500073914,40840299,34 매매.입주. 남향. 판상형 로얄. 9호선 및 상가이용편리.,THE포레온삼천사부동산중개법인(주),매매,311,고,193.22,84.99,"310,000",0,0,2026-08-07
1500073914,41122569,34. 세끼고 매매. 젊은층 선호동. 햇살 가득 남향. 막힘없는 뷰,단지내승진포레온공인중개사사무소,매매,303,중,113.45,84.98,"310,000",0,0,2026-08-14
1500073914,41172912,34 매매1순위. 주인전담 판상형. 선호동. 위례초. 커뮤니티이용편리,THE포레온삼천사부동산중개법인(주),매매,312,중,193.22,84.99,"310,000",0,0,2026-08-18
1500073914,41193624,"34F,올공뷰짱,롯데타워뷰짱, 사정상저렴합니다. 입주매물",대일484-7474부동산공인중개사사무소,매매,302,중,114.42,84.99,"310,000",0,0,2026-08-18
1500073914,41193625,37. 일조권 굿. 복들어오는집. 세안고 급매. 여기가 찐입니다.,대일484-7474부동산공인중개사사무소,매매,209,고,125.41,95.97,"310,000",0,0,2026-08-18
1500073914,41193642,37A. 여기가 최저가. 입주가능매물. 일조권좋습니다.,대일484-7474부동산공인중개사사무소,매매,209,고,125.41,95.97,"310,000",0,0,2026-08-18
1500073914,40922868,"34. 강추 입주매물, 조합옵션, 남향, 통풍좋은 판상형",포레온(단지내)채움부동산공인중개사사무소,매매,312,중,112.69,84.99,"310,000",0,0,2026-08-10
1500073914,41356371,"34A 남향, 입주, 9호선역세권, 위례초",부동산헤드라인공인중개사사무소,매매,311,중,193.22,84.99,"310,000",0,0,2026-08-22
1500073914,41355638,37 두쫀쿠판상형 카페테리아및커뮤니티시설이용 굿,올림픽파크포레온금탑공인중개사사무소,매매,209,고,216.36,95.97,"310,000",0,0,2026-08-22
1500073914,41358871,37 추천매물. 풀 정원조망권. 정상입주. 로얄동라인. 최저가,대일484-7474부동산공인중개사사무소,매매,210,중,125.41,95.97,"310,000",0,0,2026-08-22
1500073914,41375108,"34. 입주가능, 남향, 4베이판상형",포레온(단지내)채움부동산공인중개사사무소,매매,312,중,112.69,84.99,"310,000",0,0,2026-08-22
1500073914,41467006,"34 동향 뻥뷰, 입주가, 위례초, 9호선역세권",부동산헤드라인공인중개사사무소,매매,315,고,113.28,84.99,"310,000",0,0,2026-08-25
1500073914,41467009,"34A 남향 입주가, 9호선역세권, 위례초, 추천매물",부동산헤드라인공인중개사사무소,매매,312,중,112.69,84.99,"310,000",0,0,2026-08-25
1500073914,41449195,37 추천급매 풀옵션 정원조망권 남향 입주협의 최저가급매,대일484-7474부동산공인중개사사무소,매매,210,중,125.41,95.97,"310,000",0,0,2026-08-25
1500073914,40734185,34C. 자연친화적 단지. 근린공원인접. 숲세권. 학세권. 더블역세권,단지내승진포레온공인중개사사무소,매매,404,고,113.28,84.99,"310,000",0,0,2026-07-31
1500073914,41251130,37A. 사계절을 만끽하는집. 풀 리조트뷰. 정원뷰를 꿈꾸신다면,대일484-7474부동산공인중개사사무소,매매,121,저,125.41,95.97,"310,000",0,0,2026-08-19
1500073914,41193641,37. 입주협의됩니다. 인테리어굿.풀옵션더블역세권.쾌적하고 예쁜집,대일484-7474부동산공인중개사사무소,매매,121,고,125.41,95.97,"310,000",0,0,2026-08-18
1500073914,40802052,31. 세안고 트인뷰. 위치좋은집,홍익포레온475-8889(단지내)공인중개사사무소,매매,207,고,113.28,84.99,"310,000",0,0,2026-08-06
1500073914,40858580,"34.시원한전망에동향,위례초배정, 9호선.커뮤니티이용편리.세안고매매",포레온행운(471-3999)공인중개사사무소,매매,207,고,113.28,84.99,"310,000",0,0,2026-08-07
1500073914,41207405,마음추천 높은전세안고 찐매물 잔금여유 시원하게 트인뷰 위레초,마음공인중개사사무소,매매,207,고,113.28,84.99,"310,000",0,0,2026-08-18
1500073914,41239259,"2단지 귀한 매매 , 초등 도보 5분, 도서관 부근",포레온9프라임부동산중개사무소,매매,205,고,113.28,84.99,"310,000",0,0,2026-08-19
1500073914,41467006,"34 동향 뻥뷰, 입주가, 위례초, 9호선역세권",부동산헤드라인공인중개사사무소,매매,315,고,113.28,84.99,"310,000",0,0,2026-08-25
1500073914,41467009,"34A 남향 입주가, 9호선역세권, 위례초, 추천매물",부동산헤드라인공인중개사사무소,매매,312,중,112.69,84.99,"310,000",0,0,2026-08-25
1500073914,41449195,37 추천급매 풀옵션 정원조망권 남향 입주협의 최저가급매,대일484-7474부동산공인중개사사무소,매매,210,중,125.41,95.97,"310,000",0,0,2026-08-25
1500073914,40734185,34C. 자연친화적 단지. 근린공원인접. 숲세권. 학세권. 더블역세권,단지내승진포레온공인중개사사무소,매매,404,고,113.28,84.99,"310,000",0,0,2026-07-31
1500073914,40767962,34 입주매매강추. 남향. 판상형. 선호위치. 위례초. 올림픽공원.,THE포레온삼천사부동산중개법인(주),매매,311,고,193.22,84.99,"310,000",0,0,2026-08-05
1500073914,40805596,"오늘확인,입주가능 3단지 입주하면 일이 술술 풀리는 복 많은 집",올림픽파크포레온 나이스 단지내 공인중개사사무소,매매,310,고,112.69,84.99,"310,000",0,0,2026-08-06
1500073914,40884283,34.입주정상 l 위례초 l 트인전망 l 풀옵션,윤포레온공인중개사사무소,매매,314,고,113.45,84.98,"310,000",0,0,2026-08-08
1500073914,40917402,34 입주강추. 판상형. 선호동. 위례초. 올림픽공원. 커뮤니티이용편리,THE포레온삼천사부동산중개법인(주),매매,312,고,193.22,84.99,"310,000",0,0,2026-08-10
1500073914,40840299,34 매매.입주. 남향. 판상형 로얄. 9호선 및 상가이용편리.,THE포레온삼천사부동산중개법인(주),매매,311,고,193.22,84.99,"310,000",0,0,2026-08-07
1500073914,41122569,34. 세끼고 매매. 젊은층 선호동. 햇살 가득 남향. 막힘없는 뷰,단지내승진포레온공인중개사사무소,매매,303,중,113.45,84.98,"310,000",0,0,2026-08-14
1500073914,41172912,34 매매1순위. 주인전담 판상형. 선호동. 위례초. 커뮤니티이용편리,THE포레온삼천사부동산중개법인(주),매매,312,중,193.22,84.99,"310,000",0,0,2026-08-18
1500073914,41193624,"34F,올공뷰짱,롯데타워뷰짱, 사정상저렴합니다. 입주매물",대일484-7474부동산공인중개사사무소,매매,302,중,114.42,84.99,"310,000",0,0,2026-08-18
1500073914,41193625,37. 일조권 굿. 복들어오는집. 세안고 급매. 여기가 찐입니다.,대일484-7474부동산공인중개사사무소,매매,209,고,125.41,95.97,"310,000",0,0,2026-08-18
1500073914,41193642,37A. 여기가 최저가. 입주가능매물. 일조권좋습니다.,대일484-7474부동산공인중개사사무소,매매,209,고,125.41,95.97,"310,000",0,0,2026-08-18
1500073914,40922868,"34. 강추 입주매물, 조합옵션, 남향, 통풍좋은 판상형",포레온(단지내)채움부동산공인중개사사무소,매매,312,중,112.69,84.99,"310,000",0,0,2026-08-10
1500073914,41356371,"34A 남향, 입주, 9호선역세권, 위례초",부동산헤드라인공인중개사사무소,매매,311,중,193.22,84.99,"310,000",0,0,2026-08-22
1500073914,41355638,37 두쫀쿠판상형 카페테리아및커뮤니티시설이용 굿,올림픽파크포레온금탑공인중개사사무소,매매,209,고,216.36,95.97,"310,000",0,0,2026-08-22
1500073914,41358871,37 추천매물. 풀 정원조망권. 정상입주. 로얄동라인. 최저가,대일484-7474부동산공인중개사사무소,매매,210,중,125.41,95.97,"310,000",0,0,2026-08-22
1500073914,41375108,"34. 입주가능, 남향, 4베이판상형",포레온(단지내)채움부동산공인중개사사무소,매매,312,중,112.69,84.99,"310,000",0,0,2026-08-22
1500073914,40554893,34.하나추천. 선호타입. 프리미엄대단지. 굿뷰. 주거만족 최상.,단지내하나공인중개사사무소,매매,403,중,0.00,84.99,"305,000",0,0,2026-07-29
1500073914,40469279,34  매매추천. 판상형. 더블역세권. 조용한 숲세권,THE포레온삼천사부동산중개법인(주),매매,403,중,193.22,84.99,"305,000",0,0,2026-07-27
1500073914,41204084,"34P  검단산, 일자산 웰빙숲속 조망, 늦은잔금 조건협의 저렴한 급매물",다원공인중개사사무소,매매,403,중,114.26,84.99,"305,000",0,0,2026-08-18
1500073914,41214290,34 하이엔드주거생활 워라벨 피톤치드향 갤러리뷰,올림픽파크포레온금탑공인중개사사무소,매매,403,중,194.80,84.99,"305,000",0,0,2026-08-19
1500073914,41235580,34 l 정상입주 l 방문약속 l 편안한 녹색뷰,윤포레온공인중개사사무소,매매,402,고,114.26,84.99,"305,000",0,0,2026-08-18
1500073914,40931805,34매매.9호선급행역세권.일자산뷰.공원바로옆.커뮤니티바로아래.늦은 잔금가,단지내승진포레온공인중개사사무소,매매,403,중,114.26,84.99,"305,000",0,0,2026-08-10
1500073914,41075410,34급매 l 집보고 결정 l 늦은잔금 l 편안한 녹색뷰,윤포레온공인중개사사무소,매매,403,중,114.26,84.99,"305,000",0,0,2026-08-13
1500073914,41400652,윤.34 l 집보기 가능 l 정상입주 l 공동 환영 l 트인전망,윤포레온공인중개사사무소,매매,407,고,113.45,84.98,"305,000",0,0,2026-08-24
1500073914,41398569,朴34p 로얄층  쾌적한숲세권 중앙도서관이용편리  입주협의가,박씨네복덕방(02-474-9939)박지언공인중개사사무소,매매,403,중,114.26,84.99,"305,000",0,0,2026-08-24
1500073914,41022883,34 급매 l 세안고 l 둔촌초 l 9호선 l 일자산,윤포레온공인중개사사무소,매매,421,중,114.26,84.99,"303,000",0,0,2026-08-12
1500073914,41220638,34 추천. 뻥뷰. 위례초. 동북중고. 최고급프리미엄대단지,단지내하나공인중개사사무소,매매,421,중,194.80,84.99,"303,000",0,0,2026-08-19
1500073914,41207402,34H 찐매물 12월입주가능 일자산뷰 9호선역세권 풀옵션,마음공인중개사사무소,매매,421,중,114.26,84.99,"303,000",0,0,2026-08-18
1500073914,40467678,"34 매매강추.탁트인일자산뷰. 9호선역세권.도서관,라운지커뮤니티",THE포레온삼천사부동산중개법인(주),매매,421,중,194.80,84.99,"303,000","135,000",0,2026-07-27
1500073914,40522581,시티34매매 위례초 9호선 초근접 숲뷰,시티472-1117공인중개사사무소,매매,421,중,114.26,84.99,"303,000",0,0,2026-07-28
1500073914,40514656,"34 매매.탁트인 일자산뷰. 9호선역세권.도서관,라운지커뮤니티",THE포레온삼천사부동산중개법인(주),매매,421,중,194.80,84.99,"303,000","135,000",0,2026-07-28
1500073914,40607673,"34 동향, 일자산뻥뷰, 위례초, 동북중고교, 9호선역세권, 세안고",부동산헤드라인공인중개사사무소,매매,421,고,114.26,84.99,"303,000",0,0,2026-07-30
1500073914,40740466,34 추천. 프리미엄대단지. 최고급커뮤니티. 주거만족 최상. 트인뷰,단지내하나공인중개사사무소,매매,403,중,114.26,84.99,"303,000",0,0,2026-08-04
1500073914,40660557,"34,  높은 세안고,  입주 협의, 역세권, 학세권",으뜸포레온공인중개사사무소,매매,421,중,114.26,84.99,"303,000",0,0,2026-07-31
1500073914,40590370,"34 매매.입주협의.일자산뷰. 9호선역세권. 뻥뷰. 도서관,라운지커뮤니티",THE포레온삼천사부동산중개법인(주),매매,421,고,194.80,84.99,"303,000","135,000",0,2026-07-30
1500073914,41359948,,올림픽파크포레온 나이스 단지내 공인중개사사무소,매매,421,고,114.26,84.99,"303,000",0,0,2026-08-22
1500073914,41380971,34. 세 안고 매매. 자연친화적 단지. 근린공원인접. 숲세권. 학세권,단지내승진포레온공인중개사사무소,매매,421,중,114.26,84.99,"303,000",0,0,2026-08-22
1500073914,41333190,34P  늦은잔금. 채광.통풍. 조망굿  조용하고 아늑한 거주지,다원공인중개사사무소,매매,421,중,114.26,84.99,"303,000",0,0,2026-08-21
1500073914,41311736,34 로얄동 로얄층 로얄패밀리가 선택한 전망뷰 쵝오,올림픽파크포레온금탑공인중개사사무소,매매,421,중,194.80,84.99,"303,000",0,0,2026-08-21
1500073914,41251110,84A. 불 안 켜도 밝은 집. 남향 로얄층 끝판왕. 포레온 1등매물,대일484-7474부동산공인중개사사무소,매매,123,고,112.69,84.99,"300,000",0,0,2026-08-19
1500073914,41309400,"입주매매,1주택매도후 매수가.햇빛 가득한롯데타워뷰 집을누려보세요",올림픽파크포레온 나이스 단지내 공인중개사사무소,매매,122,고,193.22,84.99,"300,000",0,0,2026-08-21
1500073914,41349751,"34,높은 세안고, 입주 내년 7월, 트인뷰, 갭투 추천물건",으뜸포레온공인중개사사무소,매매,207,고,113.28,84.99,"300,000",0,0,2026-08-21
1500073914,41352225,1단지 바로계약가능 빠르게 연결 34 급매,부흥부동산공인중개사사무소,매매,123,중,193.22,84.99,"300,000","70,000",340,2026-08-22
1500073914,41346718,,포레온행운(471-3999)공인중개사사무소,매매,123,고,112.69,84.99,"300,000",0,0,2026-08-21
1500073914,41358882,34 커뮤니티 바로 코앞. 럭셔리 조망동. 세안고 최저가급매,대일484-7474부동산공인중개사사무소,매매,203,중,112.69,84.99,"300,000",0,0,2026-08-22
1500073914,41359945,"입주매매,1주택매도후 매수가.햇빛 가득한롯데타워뷰 집을누려보세요",올림픽파크포레온 나이스 단지내 공인중개사사무소,매매,122,고,112.69,84.99,"300,000",0,0,2026-08-22
1500073914,41370057,,포레온행운(471-3999)공인중개사사무소,매매,123,고,112.69,84.99,"300,000",0,0,2026-08-22
1500073914,41375109,"34p. 트인뷰, 초중고인접,  입주협의",포레온(단지내)채움부동산공인중개사사무소,매매,207,고,113.28,84.99,"300,000",0,0,2026-08-22
1500073914,41375110,"34p. 강추급매, 트인뷰, 입주협의",포레온(단지내)채움부동산공인중개사사무소,매매,205,중,113.28,84.99,"300,000",0,0,2026-08-22
1500073914,41375280,"34A 남향, 입주협의, 최저가, 5호선역세권, 메인상가",부동산헤드라인공인중개사사무소,매매,123,중,112.69,84.99,"300,000",0,0,2026-08-22
1500073914,41356367,"34 남향, 5호선역세권, 매인상가, 입주협의",부동산헤드라인공인중개사사무소,매매,121,고,193.22,84.99,"300,000",0,0,2026-08-22
1500073914,41356369,"34동향, 스포츠센타인접, 시원한거실뷰, 세안고",부동산헤드라인공인중개사사무소,매매,202,고,194.80,84.99,"300,000",0,0,2026-08-22
1500073914,41398662,"34p.  완전추천 급매, 입주가능, 남향, 4베이판상형",포레온(단지내)채움부동산공인중개사사무소,매매,203,중,112.69,84.99,"300,000",0,0,2026-08-24
1500073914,41396958,34 급매.입주. 판상형. 채광굿. 역세권. 상가이용편리.,THE포레온삼천사부동산중개법인(주),매매,121,중,193.22,84.99,"300,000",0,0,2026-08-24
1500073914,41403003,34A. 뷰좋은 남향.,포레온행운(471-3999)공인중개사사무소,매매,203,중,112.69,84.99,"300,000",0,0,2026-08-24
1500073914,41251128,34동향 완전특수리. 조식 먹고 수영장 직행. 초중고 도보 코앞,대일484-7474부동산공인중개사사무소,매매,421,고,114.26,84.99,"300,000",0,0,2026-08-19
1500073914,41256584,"34D 남향, 세안고, 최저가, 해잘드는집, 최저가",부동산헤드라인공인중개사사무소,매매,415,중,112.98,84.99,"300,000",0,0,2026-08-19
1500073914,41333196,"34P  남향 조용하고 아늑한웰빙거주지  조건협의,",다원공인중개사사무소,매매,403,고,112.69,84.99,"300,000",0,0,2026-08-21
1500073914,41356042,34 높은세안고매매.무주택자기회. 더블역세권. 근린공원.,THE포레온삼천사부동산중개법인(주),매매,405,중,193.51,84.99,"300,000","150,000",1,2026-08-22
1500073914,41356393,"34D 남향, 최저가, 입주협의가능, 굿뷰",부동산헤드라인공인중개사사무소,매매,415,고,0.00,84.99,"300,000",0,0,2026-08-22
1500073914,41375284,"34D 남향, 입주협의가, 최저가, 굿뷰",부동산헤드라인공인중개사사무소,매매,415,고,112.98,84.99,"300,000",0,0,2026-08-22
1500073914,41396453,34. 하나추천. 햇살가득한집. 위례초. 동북중고. 최고급커뮤니티,단지내하나공인중개사사무소,매매,421,고,193.22,84.99,"300,000",0,0,2026-08-24
1500073914,41400653,34 세안고 l 9호선 l 위례초 l 트인전망,윤포레온공인중개사사무소,매매,421,고,112.69,84.99,"300,000",0,0,2026-08-24
1500073914,41398751,"nice매물,1주택자 매수가.판상형 조용하고 밝은 고층 채광좋은집",올림픽파크포레온 나이스 단지내 공인중개사사무소,매매,402,고,112.69,84.99,"300,000",0,0,2026-08-24
1500073914,41398752,"nice매물,1주택자 매수가.판상형 9호선 초역세권 고층 채광좋은집",올림픽파크포레온 나이스 단지내 공인중개사사무소,매매,421,고,112.69,84.99,"300,000",0,0,2026-08-24
1500073914,41399623,34. 입주. 급매. 9호선 보훈병원역급행,홍익포레온475-8889(단지내)공인중개사사무소,매매,407,중,112.98,84.99,"300,000",0,0,2026-08-24
1500073914,41464195,"34P 일자산,검단산,  웰빙 조망 비스포크, 식세기, 안방붙박이장 등",다원공인중개사사무소,매매,405,고,113.45,84.98,"300,000",0,0,2026-08-25
1500073914,41453682,"34,입주, 바로진행, 집보기 가능, 초중고 인접,역세권",으뜸포레온공인중개사사무소,매매,421,고,112.69,84.99,"300,000",0,0,2026-08-25
1500073914,41403002,34A. 막힘없는 동향.,포레온행운(471-3999)공인중개사사무소,매매,407,고,113.45,84.98,"300,000",0,0,2026-08-24
1500073914,41443924,43 두쫀쿠일자산 조용 쾌적한동 피톤치드굿,올림픽파크포레온금탑공인중개사사무소,매매,421,고,193.22,84.99,"300,000",0,0,2026-08-25
1500073914,41467019,"34A 남향, 입주협의, 9호선역세권, 위례초, 동북중고교",부동산헤드라인공인중개사사무소,매매,421,고,112.69,84.99,"300,000",0,0,2026-08-25
1500073914,41480008,윤.34 세안고 l 집보기 가능l 9호선 l 위례초 l 트인전망,윤포레온공인중개사사무소,매매,421,고,112.69,84.99,"300,000",0,0,2026-08-25
1500073914,41480009,34 l 정상입주 l 방문약속 l 편안한 녹색뷰,윤포레온공인중개사사무소,매매,405,중,112.98,84.99,"300,000",0,0,2026-08-25
1500073914,41480551,"34,입주, 집보기 예약가, 공동환영, 옵션 최상",으뜸포레온공인중개사사무소,매매,421,고,193.22,84.99,"300,000",0,0,2026-08-26
1500073914,41251110,84A. 불 안 켜도 밝은 집. 남향 로얄층 끝판왕. 포레온 1등매물,대일484-7474부동산공인중개사사무소,매매,123,고,112.69,84.99,"300,000",0,0,2026-08-19
1500073914,41251128,34동향 완전특수리. 조식 먹고 수영장 직행. 초중고 도보 코앞,대일484-7474부동산공인중개사사무소,매매,421,고,114.26,84.99,"300,000",0,0,2026-08-19
1500073914,41256584,"34D 남향, 세안고, 최저가, 해잘드는집, 최저가",부동산헤드라인공인중개사사무소,매매,415,중,112.98,84.99,"300,000",0,0,2026-08-19
1500073914,41333196,"34P  남향 조용하고 아늑한웰빙거주지  조건협의,",다원공인중개사사무소,매매,403,고,112.69,84.99,"300,000",0,0,2026-08-21
1500073914,41356042,34 높은세안고매매.무주택자기회. 더블역세권. 근린공원.,THE포레온삼천사부동산중개법인(주),매매,405,중,193.51,84.99,"300,000","150,000",1,2026-08-22
1500073914,41356393,"34D 남향, 최저가, 입주협의가능, 굿뷰",부동산헤드라인공인중개사사무소,매매,415,고,0.00,84.99,"300,000",0,0,2026-08-22
1500073914,41375284,"34D 남향, 입주협의가, 최저가, 굿뷰",부동산헤드라인공인중개사사무소,매매,415,고,112.98,84.99,"300,000",0,0,2026-08-22
1500073914,41396453,34. 하나추천. 햇살가득한집. 위례초. 동북중고. 최고급커뮤니티,단지내하나공인중개사사무소,매매,421,고,193.22,84.99,"300,000",0,0,2026-08-24
1500073914,41400653,34 세안고 l 9호선 l 위례초 l 트인전망,윤포레온공인중개사사무소,매매,421,고,112.69,84.99,"300,000",0,0,2026-08-24
1500073914,41398751,"nice매물,1주택자 매수가.판상형 조용하고 밝은 고층 채광좋은집",올림픽파크포레온 나이스 단지내 공인중개사사무소,매매,402,고,112.69,84.99,"300,000",0,0,2026-08-24
1500073914,41398752,"nice매물,1주택자 매수가.판상형 9호선 초역세권 고층 채광좋은집",올림픽파크포레온 나이스 단지내 공인중개사사무소,매매,421,고,112.69,84.99,"300,000",0,0,2026-08-24
1500073914,41399623,34. 입주. 급매. 9호선 보훈병원역급행,홍익포레온475-8889(단지내)공인중개사사무소,매매,407,중,112.98,84.99,"300,000",0,0,2026-08-24
1500073914,41464195,"34P 일자산,검단산,  웰빙 조망 비스포크, 식세기, 안방붙박이장 등",다원공인중개사사무소,매매,405,고,113.45,84.98,"300,000",0,0,2026-08-25
1500073914,41453682,"34,입주, 바로진행, 집보기 가능, 초중고 인접,역세권",으뜸포레온공인중개사사무소,매매,421,고,112.69,84.99,"300,000",0,0,2026-08-25
1500073914,41403002,34A. 막힘없는 동향.,포레온행운(471-3999)공인중개사사무소,매매,407,고,113.45,84.98,"300,000",0,0,2026-08-24
1500073914,41443924,43 두쫀쿠일자산 조용 쾌적한동 피톤치드굿,올림픽파크포레온금탑공인중개사사무소,매매,421,고,193.22,84.99,"300,000",0,0,2026-08-25
1500073914,41467019,"34A 남향, 입주협의, 9호선역세권, 위례초, 동북중고교",부동산헤드라인공인중개사사무소,매매,421,고,112.69,84.99,"300,000",0,0,2026-08-25
1500073914,41480008,윤.34 세안고 l 집보기 가능l 9호선 l 위례초 l 트인전망,윤포레온공인중개사사무소,매매,421,고,112.69,84.99,"300,000",0,0,2026-08-25
1500073914,41480009,34 l 정상입주 l 방문약속 l 편안한 녹색뷰,윤포레온공인중개사사무소,매매,405,중,112.98,84.99,"300,000",0,0,2026-08-25
1500073914,41480551,"34,입주, 집보기 예약가, 공동환영, 옵션 최상",으뜸포레온공인중개사사무소,매매,421,고,193.22,84.99,"300,000",0,0,2026-08-26
1500073914,41358880,"34, 동향, 역세권, 시그니처라인, 귀한매매, 입주가능합니다",대일484-7474부동산공인중개사사무소,매매,303,고,113.45,84.98,"300,000",0,0,2026-08-22
1500073914,41346714,,포레온행운(471-3999)공인중개사사무소,매매,304,중,113.45,84.98,"300,000",0,0,2026-08-21
1500073914,41239744,"입주가능,입주가, 1주택자도 사실수 있는 센터동에 뻥뷰.마지막 찬스",올림픽파크포레온 나이스 단지내 공인중개사사무소,매매,303,고,113.45,84.98,"300,000",0,0,2026-08-19
1500073914,40976998,,포레온행운(471-3999)공인중개사사무소,매매,304,고,113.45,84.98,"300,000",0,0,2026-08-11
1500073914,40978725,34 강추. 입주가. 채광. 조망. 주거만족 최상. 프리미엄 커뮤니티,단지내하나공인중개사사무소,매매,303,고,113.45,84.98,"300,000",0,0,2026-08-11
1500073914,40969252,34 급매추천. 탁트인 개방감 쾌적한 조망. 더블역세권. 우수한조경,단지내하나공인중개사사무소,매매,303,고,193.97,84.98,"300,000",0,0,2026-08-11
1500073914,41193639,84A. 입주됩니다. 판상4bay. 일조권 최고 매물입니다,대일484-7474부동산공인중개사사무소,매매,210,고,112.69,84.99,"300,000",0,0,2026-08-18
1500073914,40590331,최고 조건으로 빠르게 연결 34 급매,부흥부동산공인중개사사무소,매매,303,저,194.80,84.99,"300,000","70,000",340,2026-07-30
1500073914,41325196,시원한리조트뷰.초중고.9호선역까지 도보5분권. 가족거주로 최고,대일484-7474부동산공인중개사사무소,매매,312,고,114.26,84.99,"298,000",0,0,2026-08-21
1500073914,41094259,84 동향. 세안고가능. 커뮤니티조식 서비스. 숲뷰 감성 뻥뷰,대일484-7474부동산공인중개사사무소,매매,421,고,114.26,84.99,"293,000",0,0,2026-08-14
1500073914,41226496,시티 34매매 초급매 11월협의입주 개방감좋음 탁월한선택,시티472-1117공인중개사사무소,매매,402,중,114.26,84.99,"290,000",0,0,2026-08-19
1500073914,41226497,시티 34매매 초급매 11월협의입주 개방감좋음 탁월한선택,시티472-1117공인중개사사무소,매매,403,중,114.26,84.99,"290,000",0,0,2026-08-19
1500073914,41231055,"34H,급매.일자산뷰 짧은세안고",포레온행운(471-3999)공인중개사사무소,매매,402,중,114.26,84.99,"290,000",0,0,2026-08-18
1500073914,40922872,"34. 급매, 고층 동향, 세안고, 맞통풍되는 판상형구조",포레온(단지내)채움부동산공인중개사사무소,매매,403,고,114.26,84.99,"290,000",0,0,2026-08-10
1500073914,41088474,34  매매추천. 판상형. 더블역세권. 조용한 숲세권,THE포레온삼천사부동산중개법인(주),매매,403,고,193.22,84.99,"290,000",0,0,2026-08-14
1500073914,41044513,34  급매.  최저가. 입주협의. 판상형. 더블역세권. 조용한 숲세권,THE포레온삼천사부동산중개법인(주),매매,403,중,194.80,84.99,"290,000",0,0,2026-08-13
1500073914,40559423,"nice.세낀매매 권합니다. 조합매물, 옵션 굿, 전망좋은구조.",올림픽파크포레온 나이스 단지내 공인중개사사무소,매매,405,고,112.98,84.99,"290,000",0,0,2026-07-29
1500073914,40514707,34급매.최저가. 판상형. 팬트리.조용한 위치. 더블역세권. 숲세권,THE포레온삼천사부동산중개법인(주),매매,402,중,194.80,84.99,"290,000",0,0,2026-07-28
1500073914,40589719,최고 조건으로 빠르게 연결 34 급매,부흥부동산공인중개사사무소,매매,402,중,194.80,84.99,"290,000","70,000",340,2026-07-30
1500073914,41467024,"34A 남향, 최저가, 해잘드는집, 9호선역세권, 입주협의가",부동산헤드라인공인중개사사무소,매매,419,고,112.69,84.99,"290,000",0,0,2026-08-25
1500073914,41449194,"84. 입주매물, 불 안 켜도 밝은 집, 초중고품아, 보시면계약될집",대일484-7474부동산공인중개사사무소,매매,421,고,114.26,84.99,"290,000",0,0,2026-08-25
1500073914,41226497,시티 34매매 초급매 11월협의입주 개방감좋음 탁월한선택,시티472-1117공인중개사사무소,매매,403,중,114.26,84.99,"290,000",0,0,2026-08-19
1500073914,41231055,"34H,급매.일자산뷰 짧은세안고",포레온행운(471-3999)공인중개사사무소,매매,402,중,114.26,84.99,"290,000",0,0,2026-08-18
1500073914,40922872,"34. 급매, 고층 동향, 세안고, 맞통풍되는 판상형구조",포레온(단지내)채움부동산공인중개사사무소,매매,403,고,114.26,84.99,"290,000",0,0,2026-08-10
1500073914,41088474,34  매매추천. 판상형. 더블역세권. 조용한 숲세권,THE포레온삼천사부동산중개법인(주),매매,403,고,193.22,84.99,"290,000",0,0,2026-08-14
1500073914,41044513,34  급매.  최저가. 입주협의. 판상형. 더블역세권. 조용한 숲세권,THE포레온삼천사부동산중개법인(주),매매,403,중,194.80,84.99,"290,000",0,0,2026-08-13
1500073914,40559423,"nice.세낀매매 권합니다. 조합매물, 옵션 굿, 전망좋은구조.",올림픽파크포레온 나이스 단지내 공인중개사사무소,매매,405,고,112.98,84.99,"290,000",0,0,2026-07-29
1500073914,40514707,34급매.최저가. 판상형. 팬트리.조용한 위치. 더블역세권. 숲세권,THE포레온삼천사부동산중개법인(주),매매,402,중,194.80,84.99,"290,000",0,0,2026-07-28
1500073914,40589719,최고 조건으로 빠르게 연결 34 급매,부흥부동산공인중개사사무소,매매,402,중,194.80,84.99,"290,000","70,000",340,2026-07-30
1500073914,41065244,시티34매매 남향 9호선 위례초근접 트인뷰,시티472-1117공인중개사사무소,매매,419,고,112.69,84.99,"285,000",0,0,2026-08-13
1500073914,40922870,"34. 최저가 급매, 세안고, 남향",포레온(단지내)채움부동산공인중개사사무소,매매,405,중,112.98,84.99,"285,000",0,0,2026-08-10
1500073914,40810971,시티 34매매 위례초 9호선근접 남향 쾌적하고 조용한 트인뷰,시티472-1117공인중개사사무소,매매,419,중,112.69,84.99,"285,000",0,0,2026-08-06
1500073914,41110996,로얄34p. 일자산뻥뷰 입주협의 위례초 커뮤니티최상 9호선이용용이,로얄(02-470-0113)공인중개사사무소,매매,419,중,112.69,84.99,"285,000",0,0,2026-08-14
1500073914,41239750,"급매 기다리신분은 이집입니다.대출가.로얄층,오늘바로진행.최저 급매,",올림픽파크포레온 나이스 단지내 공인중개사사무소,매매,407,중,112.98,84.99,"280,000",0,0,2026-08-18
1500073914,41312473,25.추천. 입주협의. 명품커뮤니티. 햇살가득한집. 주거만족최상,단지내하나공인중개사사무소,매매,401,고,142.12,59.99,"280,000",0,0,2026-08-21
1500073914,41313697,"34, 특급매, 세안고, 늦은입주, 양창개방감 최고",으뜸포레온공인중개사사무소,매매,405,중,193.51,84.99,"280,000",0,0,2026-08-21
1500073914,41267689,25 두쫀쿠피톤치드 하이엔드 주거시설 및 커뮤니티시설,올림픽파크포레온금탑공인중개사사무소,매매,401,고,142.12,59.99,"280,000",0,0,2026-08-20
1500073914,41349746,"34, 세안고 급매, 1순위, 바로진행, 양창 개방감 최고",으뜸포레온공인중개사사무소,매매,405,중,112.98,84.99,"280,000",0,0,2026-08-21
1500073914,41328036,34.급매.세안고. 단지내최저가.,금성484-4004(단지내30여년)포레온공인중개사사무소,매매,405,중,112.98,84.99,"280,000",0,0,2026-08-21
1500073914,41331325,"25 판상형남향, 입주협의, 귀한매물,",부동산헤드라인공인중개사사무소,매매,401,고,85.28,59.99,"280,000",0,0,2026-08-21
1500073914,41356058,34 매매강추.높은세안고. 무주택자매수기회.양창구조.숲세권,THE포레온삼천사부동산중개법인(주),매매,407,중,193.51,84.99,"280,000","20,000",440,2026-08-22
1500073914,40916907,"헤드, 25 판상형 남향, 세안고",부동산헤드라인공인중개사사무소,매매,401,고,142.12,59.99,"280,000",0,0,2026-08-10
1500073914,41050565,"25P 조용하고 채광, 조망 좋은 거주지, 입주협의.",다원공인중개사사무소,매매,401,고,85.28,59.99,"280,000",0,0,2026-08-12
1500073914,41022583,"34, 최저가 매수 기회, 세안고,  입주협의, 힐링단지",으뜸포레온공인중개사사무소,매매,417,중,193.51,84.99,"280,000",0,0,2026-08-13
1500073914,41070929,"급매 기다리신분은 이집입니다.대출가.로얄층,오늘바로진행.최저 급매,",올림픽파크포레온 나이스 단지내 공인중개사사무소,매매,405,중,112.98,84.99,"280,000",0,0,2026-08-13
1500073914,40590592,25 귀한매매. 세안고.남향. 판상형.  채광굿. 트인뷰.,THE포레온삼천사부동산중개법인(주),매매,401,고,142.12,59.99,"280,000","105,000",0,2026-07-30
1500073914,40467768,"25 귀한매매.입주협의, 판상형. 더블역세권. 조용한위치",THE포레온삼천사부동산중개법인(주),매매,401,고,142.12,59.99,"280,000",0,0,2026-07-27
1500073914,41239750,"급매 기다리신분은 이집입니다.대출가.로얄층,오늘바로진행.최저 급매,",올림픽파크포레온 나이스 단지내 공인중개사사무소,매매,407,중,112.98,84.99,"280,000",0,0,2026-08-18
1500073914,41312473,25.추천. 입주협의. 명품커뮤니티. 햇살가득한집. 주거만족최상,단지내하나공인중개사사무소,매매,401,고,142.12,59.99,"280,000",0,0,2026-08-21
1500073914,41313697,"34, 특급매, 세안고, 늦은입주, 양창개방감 최고",으뜸포레온공인중개사사무소,매매,405,중,193.51,84.99,"280,000",0,0,2026-08-21
1500073914,41267689,25 두쫀쿠피톤치드 하이엔드 주거시설 및 커뮤니티시설,올림픽파크포레온금탑공인중개사사무소,매매,401,고,142.12,59.99,"280,000",0,0,2026-08-20
1500073914,41349746,"34, 세안고 급매, 1순위, 바로진행, 양창 개방감 최고",으뜸포레온공인중개사사무소,매매,405,중,112.98,84.99,"280,000",0,0,2026-08-21
1500073914,41328036,34.급매.세안고. 단지내최저가.,금성484-4004(단지내30여년)포레온공인중개사사무소,매매,405,중,112.98,84.99,"280,000",0,0,2026-08-21
1500073914,41331325,"25 판상형남향, 입주협의, 귀한매물,",부동산헤드라인공인중개사사무소,매매,401,고,85.28,59.99,"280,000",0,0,2026-08-21
1500073914,41356058,34 매매강추.높은세안고. 무주택자매수기회.양창구조.숲세권,THE포레온삼천사부동산중개법인(주),매매,407,중,193.51,84.99,"280,000","20,000",440,2026-08-22
1500073914,41396451,34 초급매. 입주협의. 럭셔리커뮤니티. 개방감 굿.,단지내하나공인중개사사무소,매매,405,중,193.51,84.99,"280,000",0,0,2026-08-24
1500073914,41398663,"34p. 세안고,  강추급매,  27년1월 입주가능, 남향",포레온(단지내)채움부동산공인중개사사무소,매매,405,중,112.98,84.99,"280,000",0,0,2026-08-24
1500073914,41354088,34 하이엔드피톤치드뷰 조용하고 쾌적한단지,올림픽파크포레온금탑공인중개사사무소,매매,405,중,193.51,84.99,"280,000",0,0,2026-08-22
1500073914,41386905,34.급매 l 최저가 l 세안고 빠른 선점,윤포레온공인중개사사무소,매매,405,중,112.98,84.99,"280,000",0,0,2026-08-22
1500073914,40768073,"세낀매매입주날짜 협의가, 채광 굿,바람 굿,건강하게 만족하며 사는집",올림픽파크포레온 나이스 단지내 공인중개사사무소,매매,418,고,142.12,59.99,"275,000",0,0,2026-08-05
1500073914,40974786,25. 트인뷰. 위례초학군. 조용하고 시원한동,홍익포레온475-8889(단지내)공인중개사사무소,매매,415,중,85.47,59.96,"270,000",0,0,2026-08-11
1500073914,41346715,"귀한25. 위례초,5.9호선 접근편리함.세안고가능,",포레온행운(471-3999)공인중개사사무소,매매,307,중,85.28,59.99,"265,000",0,0,2026-08-21
1500073914,41356150,"25,급매, 세안고 늦은 입주, 바로진행, 판상형.로얄단지",으뜸포레온공인중개사사무소,매매,306,고,142.12,59.99,"265,000",0,0,2026-08-22
1500073914,41356376,"25 남향, 3단지귀한매물, 전세안고, 9호선역세권, 굿뷰",부동산헤드라인공인중개사사무소,매매,307,고,142.22,59.96,"265,000",0,0,2026-08-22
1500073914,41231047,"귀한25. 위례초,5.9호선 접근편리함.세안고가능,",포레온행운(471-3999)공인중개사사무소,매매,307,중,85.28,59.99,"265,000",0,0,2026-08-18
1500073914,41231035,"귀한25. 위례초,5.9호선 접근편리함.세안고가능,",포레온행운(471-3999)공인중개사사무소,매매,307,중,85.28,59.99,"265,000",0,0,2026-08-19
1500073914,41325186,59A  귀한 3단지  대한.민국. 최.대.단지. 일등.매물.多,대일484-7474부동산공인중개사사무소,매매,306,고,85.28,59.99,"265,000",0,0,2026-08-21
1500073914,41362782,"25, 특급매, 바로진행, 입주협의, 트인뷰, 판상형",으뜸포레온공인중개사사무소,매매,307,고,85.28,59.99,"265,000",0,0,2026-08-22
1500073914,41375111,"25p. 귀한3단지매물, 남향, 탁트인뷰, 세안고",포레온(단지내)채움부동산공인중개사사무소,매매,307,고,85.28,59.99,"265,000",0,0,2026-08-22
1500073914,41207985,로얄25p. 세안고 너무귀한3단지 주거만족도최고 더블역세권 커뮤니최고,로얄(02-470-0113)공인중개사사무소,매매,306,고,85.28,59.99,"265,000",0,0,2026-08-18
1500073914,40924075,25. 남향. 판상형. 9호선 역세권. 바로출발,홍익포레온475-8889(단지내)공인중개사사무소,매매,418,중,85.28,59.99,"265,000",0,0,2026-08-10
1500073914,40768900,25 급매 최저가 입주 트인뷰  4베이 판상형  조용한 위치 위례초,THE포레온삼천사부동산중개법인(주),매매,417,중,193.51,59.96,"265,000","120,000",360,2026-08-05
1500073914,40590255,25 최고 조건으로 빠르게 연결,부흥부동산공인중개사사무소,매매,417,중,142.28,59.96,"265,000","70,000",340,2026-07-30
1500073914,41453677,"25, 3단지 급매 추천,세안고, 판상형,금액조절가",으뜸포레온공인중개사사무소,매매,306,고,85.28,59.99,"265,000",0,0,2026-08-25
1500073914,41467004,"25 남향, 귀한3단지매물, 9호선역세권, 굿뷰, 전세안고",부동산헤드라인공인중개사사무소,매매,307,고,85.41,59.96,"265,000",0,0,2026-08-25
1500073914,41422685,25.남향. 출입구동. 세안고. 판상형,금성484-4004(단지내30여년)포레온공인중개사사무소,매매,306,고,85.28,59.99,"265,000",0,0,2026-08-24
1500073914,41442204,25 웃음꽃많은 화목한 집터 하이엔드 주거시설 및 커뮤니티시설,올림픽파크포레온금탑공인중개사사무소,매매,307,중,142.12,59.99,"265,000",0,0,2026-08-25
1500073914,41446886,"25.세안고, 역세권. 판상형 추천매물",홍익포레온475-8889(단지내)공인중개사사무소,매매,306,고,85.28,59.99,"260,000",0,0,2026-08-25
1500073914,40885803,"귀한25. 위례초,동북중고 9호선접근편리함.편한입주가능",포레온행운(471-3999)공인중개사사무소,매매,417,중,85.47,59.96,"260,000",0,0,2026-08-08
1500073914,41056874,"귀한25. 위례초,동북중고 접근편리함.즉시입주가능, 집보기예약필수.",포레온행운(471-3999)공인중개사사무소,매매,417,중,85.47,59.96,"260,000",0,0,2026-08-12
1500073914,41053028,로얄25p. 입주 너무귀한c타입 4베이 더큰평수 골프 사우나 피트니스,로얄(02-470-0113)공인중개사사무소,매매,415,중,85.47,59.96,"260,000",0,0,2026-08-13
1500073914,41034152,25. 승진추천. 귀한 평수. 자연친화적 단지.힐링라이프. 더블역세권,단지내승진포레온공인중개사사무소,매매,415,중,85.47,59.96,"260,000",0,0,2026-08-13
1500073914,41396464,25 급매강추. 귀한평수. 최고급커뮤니티. 입주가. 주거만족 굿,단지내하나공인중개사사무소,매매,417,중,142.28,59.96,"260,000",0,0,2026-08-24
1500073914,41446888,25.바로 실매물. 입주. 풀옵션. 위례초,홍익포레온475-8889(단지내)공인중개사사무소,매매,417,중,85.47,59.96,"260,000",0,0,2026-08-25
1500073914,41443843,26 하이엔드주거생활 및 커뮤니티시설이용 강동중앙도서관굿,올림픽파크포레온금탑공인중개사사무소,매매,417,중,142.28,59.96,"260,000",0,0,2026-08-25
1500073914,41325187,59A. 로얄동.로얄층. 이보다 더좋은매물은 없습니다. 세안고협의입주,대일484-7474부동산공인중개사사무소,매매,418,고,85.28,59.99,"260,000",0,0,2026-08-21
1500073914,41251125,대일 25 추천급매 역세권 최고급 커뮤니티 협의입주됩니다,대일484-7474부동산공인중개사사무소,매매,420,고,85.28,59.99,"260,000",0,0,2026-08-19
1500073914,40887479,시티 25매매 초급매 입주가능 로얄층 동간거리넓음 양창구조,시티472-1117공인중개사사무소,매매,417,중,85.47,59.96,"258,000",0,0,2026-08-08
1500073914,40887480,시티 25매매 초급매 입주가능 로얄층 동간거리넓음 양창구조,시티472-1117공인중개사사무소,매매,417,중,85.47,59.96,"258,000",0,0,2026-08-08
1500073914,40590354,25 최고 조건으로 빠르게 연결,부흥부동산공인중개사사무소,매매,415,저,142.28,59.96,"258,000","70,000",340,2026-07-30
1500073914,41251122,59C. 포레온 현재 최저가. 탁트인 뷰. 전망굿. 입주됩니다.,대일484-7474부동산공인중개사사무소,매매,417,중,85.47,59.96,"258,000",0,0,2026-08-19
1500073914,41266642,,포레온행운(471-3999)공인중개사사무소,매매,417,중,85.47,59.96,"258,000",0,0,2026-08-20
1500073914,41356378,"헤드, 25 급매, 입주 가능, 집보기 가능, 뷰 좋은집",부동산헤드라인공인중개사사무소,매매,417,중,142.28,59.96,"258,000",0,0,2026-08-22
1500073914,41346713,,포레온행운(471-3999)공인중개사사무소,매매,417,중,85.47,59.96,"258,000",0,0,2026-08-21
1500073914,41362787,"25, 특급매, 바로진행, 입주협의, 트인뷰, 판상형",으뜸포레온공인중개사사무소,매매,417,고,85.47,59.96,"258,000",0,0,2026-08-22
1500073914,41370050,,포레온행운(471-3999)공인중개사사무소,매매,417,중,85.28,59.99,"258,000",0,0,2026-08-22
1500073914,41325190,59C. 귀한 최저가. 4bay. 위례학군라인. 입주협의입니다.,대일484-7474부동산공인중개사사무소,매매,415,고,85.47,59.96,"258,000",0,0,2026-08-21
1500073914,41450356,"초급매. 입주매매, 바로입주가판상형, 조용하고 층 좋은집, 로얄호,",올림픽파크포레온 나이스 단지내 공인중개사사무소,매매,417,고,85.47,59.96,"258,000",0,0,2026-08-25
1500073914,41453678,"25, 특급매, 집보고 결정,  바로진행, 입주",으뜸포레온공인중개사사무소,매매,417,중,85.47,59.96,"258,000",0,0,2026-08-25
1500073914,41453680,"25, 특급매, 집보고 결정,  바로진행, 집 좋아요.",으뜸포레온공인중개사사무소,매매,417,고,85.47,59.96,"258,000",0,0,2026-08-25
1500073914,41445366,"귀한 입주 25, 대출가, 입주협의가, 최상뷰 뻥뷰.앞가림 없음.집보기가",올림픽파크포레온 나이스 단지내 공인중개사사무소,매매,417,중,142.28,59.96,"258,000",0,0,2026-08-25
1500073914,41461402,,포레온행운(471-3999)공인중개사사무소,매매,417,중,85.47,59.96,"258,000",0,0,2026-08-25
1500073914,41396980,25 급매 최저가 입주 트인뷰  4베이 판상형  조용한 위치 위례초,THE포레온삼천사부동산중개법인(주),매매,417,중,142.28,59.96,"258,000","120,000",360,2026-08-24
1500073914,41398664,"25. 급매, 바로입주가능, 집보기가능, 트인뷰좋아요",포레온(단지내)채움부동산공인중개사사무소,매매,417,중,85.47,59.96,"258,000",0,0,2026-08-24
1500073914,41398665,"25p. 최저가 급매, 입주가능, 집보기가능, 트인뷰좋은집",포레온(단지내)채움부동산공인중개사사무소,매매,417,중,85.47,59.96,"258,000",0,0,2026-08-24
1500073914,41359952,"초급매. 입주매매, 바로입주가판상형, 조용하고 층 좋은집, 로얄호,",올림픽파크포레온 나이스 단지내 공인중개사사무소,매매,415,고,85.47,59.96,"258,000",0,0,2026-08-22
1500073914,41378083,,포레온9프라임부동산중개사무소,매매,405,중,85.47,59.96,"258,000",0,0,2026-08-22
1500073914,41467040,25.뻥뷰. 입주. 급매. 최저가,금성484-4004(단지내30여년)포레온공인중개사사무소,매매,417,중,85.47,59.96,"258,000",0,0,2026-08-25
1500073914,41467023,"25 급매, 최저가 입주매물, 굿뷰, 강추매물",부동산헤드라인공인중개사사무소,매매,417,중,85.47,59.96,"258,000",0,0,2026-08-25
1500073914,41480561,"25, 최저가 급매, 입주, 바로진행, 집상태 좋아요",으뜸포레온공인중개사사무소,매매,417,중,142.28,59.96,"258,000",0,0,2026-08-26
1500073914,41480569,"25, 금일확인,초급매, 입주, 바로진행,  컨디션 최상",으뜸포레온공인중개사사무소,매매,415,중,142.28,59.96,"258,000",0,0,2026-08-26
1500073914,40597871,,단지내승진포레온공인중개사사무소,전세,411,고,165.46,134.98,0,"220,000",0,2026-07-30
1500073914,41085771,50. 하나추천. 조망굿. 최고급커뮤니티. 주거만족최상. 반전세가능,단지내하나공인중개사사무소,전세,411,고,294.29,134.98,0,"220,000",400,2026-08-14
1500073914,41112353,50p 조용하고 조망좋은 웰빙 거주지 보증금 월세 조정가능 입주협의,다원공인중개사사무소,전세,411,고,165.46,134.98,0,"220,000",0,2026-08-14
1500073914,41175999,50 일자산 갤러리 피톤치드 힐링스팟,올림픽파크포레온금탑공인중개사사무소,전세,411,고,294.29,134.98,0,"220,000",360,2026-08-18
1500073914,41270160,"50p. 방4 화2, 남향, 일자산뷰굿, 반전세가능, 보증금조율가능",포레온(단지내)채움부동산공인중개사사무소,전세,411,고,165.46,134.98,0,"220,000",0,2026-08-20
1500073914,41053036,로얄50p. 귀한대형평수 일자산뻥뷰  장기거주 최신커뮤니티 조중식,로얄(02-470-0113)공인중개사사무소,전세,410,고,165.46,134.98,0,"218,000",0,2026-08-12
1500073914,41053047,로얄50. 대형평수 일자산뷰 고급스러운타운하우스단지 조중식 커뮤니티,로얄(02-470-0113)공인중개사사무소,전세,411,고,165.46,134.98,0,"215,000",0,2026-08-12
1500073914,41034153,43.9호선 역세권.초중고 근접. 자연친화적 힐링라이프.커뮤니티 편리,단지내승진포레온공인중개사사무소,전세,423,고,142.48,109.98,0,"200,000",0,2026-08-13
1500073914,40925039,43 l 집보고 결정 l 입주협의 l 위례초 l 녹색영구뷰,윤포레온공인중개사사무소,전세,423,중,142.48,109.98,0,"200,000",0,2026-08-10
1500073914,40590578,43 전세 . 탁트인 일자산뷰. 9호선역세권. 조용한숲세권,THE포레온삼천사부동산중개법인(주),전세,423,중,247.97,109.99,"370,000","200,000",0,2026-07-30
1500073914,40589086,43 전세 . 탁트인 일자산뷰. 9호선역세권. 조용한숲세권,THE포레온삼천사부동산중개법인(주),전세,423,중,247.97,109.99,"370,000","200,000",0,2026-07-30
1500073914,41446122,"18, 바로 진행, 늦은 입주, 귀한 매물, 남향, 옵션굿",으뜸포레온공인중개사사무소,매매,320,중,100.10,39.95,"195,000","60,000",100,2026-08-25
1500073914,41022884,18.신혼추천 l 집보기 가능 l 위례초 l 9호선,윤포레온공인중개사사무소,매매,320,고,62.24,39.95,"195,000",0,0,2026-08-12
1500073914,41051596,18매매 l 늦은잔금 l 집보기 l 위례초 l 9호선,윤포레온공인중개사사무소,매매,320,중,100.10,39.95,"195,000",0,0,2026-08-13
1500073914,41398658,"18p. 방2,화1, 추천매매, 지하철 9호선 바로앞, 편의시설접근성 굿",포레온(단지내)채움부동산공인중개사사무소,매매,320,고,62.24,39.95,"195,000",0,0,2026-08-24
1500073914,41325192,18 찐매물 포레온 1퍼센트매물  입주물. 신혼부부 추천 ,대일484-7474부동산공인중개사사무소,매매,320,고,62.24,39.95,"195,000",0,0,2026-08-21
1500073914,41256592,"18 남향, 입주, 9호선역세권, 좋은뷰연출, 위례초",부동산헤드라인공인중개사사무소,매매,320,중,62.24,39.95,"195,000",0,0,2026-08-19
1500073914,41356374,"18 남향, 입주, 9호선초역세권, 위례초",부동산헤드라인공인중개사사무소,매매,320,중,100.10,39.95,"195,000",0,0,2026-08-22
1500073914,41353987,18 하이엔드주거생활 및 역세권 상가동초근접 워라밸아파트,올림픽파크포레온금탑공인중개사사무소,매매,320,중,100.10,39.95,"195,000",0,0,2026-08-22
1500073914,41331348,"18 남향, 9호선초역세권, 굿뷰, 신혼부부추천, 입주",부동산헤드라인공인중개사사무소,매매,320,중,62.24,39.95,"195,000",0,0,2026-08-21
1500073914,41333194,18P  남향 9호선 상가 초초근접 생활편리 조합원옵션 조건협의,다원공인중개사사무소,매매,320,고,62.24,39.95,"195,000",0,0,2026-08-21
1500073914,41359943,"오늘 확인매물.로얄 조망, 새소리 들리는 조용하고 해 잘드는 집.",올림픽파크포레온 나이스 단지내 공인중개사사무소,전세,416,중,142.48,109.98,0,"190,000",0,2026-08-22
1500073914,40592728,43 l 빠른입주  l 녹색뷰 l 옵션가득 l 햇살가득,윤포레온공인중개사사무소,전세,423,중,143.00,109.99,0,"190,000",0,2026-07-30
1500073914,40978656,시티 43전세 완전좋은힐링뷰 일자산뷰 산책거리 전원주택같은동,시티472-1117공인중개사사무소,전세,423,중,143.00,109.99,0,"190,000",0,2026-08-11
1500073914,41050579,"43p  위례초 조용하고  아늑한 채광 통풍 굿 중문, 옵션굿 조건협의",다원공인중개사사무소,전세,306,중,142.48,109.98,0,"190,000",0,2026-08-12
1500073914,41235575,43 l 장기거주 l 반전세가능 l 트인 남향,윤포레온공인중개사사무소,전세,406,중,142.48,109.98,0,"185,000",0,2026-08-18
1500073914,41235576,43.전세 반전세가능 l 쾌적한 녹색뷰에 살아요,윤포레온공인중개사사무소,전세,404,중,142.48,109.98,0,"185,000",0,2026-08-18
1500073914,41278219,43. 귀한 전세 남향 트인 힐링뷰 조용한 장기거주,누리부동산공인중개사사무소 ,전세,404,고,144.12,109.99,0,"183,000",0,2026-08-20
1500073914,41239260,"숲세권, 전망 좋고 조용한 집 커뮤니티 근거리",포레온9프라임부동산중개사무소,전세,416,고,144.12,109.99,0,"183,000",0,2026-08-19
1500073914,40810972,시티 43전세 로얄층 피톤치드나오는일자산뷰 힐링산책로,시티472-1117공인중개사사무소,전세,416,고,144.12,109.99,0,"183,000",0,2026-08-06
1500073914,40810973,시티 43전세 로얄층 피톤치드나오는일자산뷰 힐링산책로,시티472-1117공인중개사사무소,전세,404,고,144.12,109.99,0,"183,000",0,2026-08-06
1500073914,40767107,43 귀한전세. 위례초.일자산뻥뷰.채광굿.장기거주. 반전세도 가능,THE포레온삼천사부동산중개법인(주),전세,416,중,249.09,109.99,0,"183,000",200,2026-08-05
1500073914,41251124,43A. 뷰맛집. 남향.로얄층. 협의입주가능한집,대일484-7474부동산공인중개사사무소,전세,425,중,142.48,109.98,0,"180,000",0,2026-08-19
1500073914,41266636,43 일자산시원한뷰 정상입주가능,포레온행운(471-3999)공인중개사사무소,전세,416,고,144.12,109.99,0,"180,000",0,2026-08-20
1500073914,41256577,"헤드, 43, 귀한전세, 일자산뷰, 조중석식, 장기거주가, 굿커뮤니티",부동산헤드라인공인중개사사무소,전세,416,중,142.48,109.98,0,"180,000",0,2026-08-19
1500073914,41270161,"43p. 방4 화2, 장기거주가능, 일자산뷰굿",포레온(단지내)채움부동산공인중개사사무소,전세,416,고,144.12,109.99,0,"180,000",0,2026-08-20
1500073914,41274955,윤.43 전세 l 귀하디 귀한 전세 선점하세요,윤포레온공인중개사사무소,전세,406,중,144.12,109.99,0,"180,000",0,2026-08-20
1500073914,41346709,43 일자산시원한뷰 정상입주가능  식세기등 옵션굿,포레온행운(471-3999)공인중개사사무소,전세,406,고,144.12,109.99,0,"180,000",0,2026-08-21
1500073914,41370055,43 일자산시원한뷰 정상입주가능  식세기등 옵션굿,포레온행운(471-3999)공인중개사사무소,전세,406,고,144.12,109.99,0,"180,000",0,2026-08-22
1500073914,41375282,"헤드, 43, 일자산뷰, 귀한전세, 조중석식, 힐링단지",부동산헤드라인공인중개사사무소,전세,416,고,144.12,109.99,0,"180,000",0,2026-08-22
1500073914,41392193,"헤드, 43, 일자산뷰, 조중석식, 힐링단지, 귀한전세",부동산헤드라인공인중개사사무소,전세,416,고,249.09,109.99,0,"180,000",0,2026-08-24
1500073914,41392290,"헤드, 43, 일자산뷰, 장기거주가, 최고급커뮤니티",부동산헤드라인공인중개사사무소,전세,416,중,247.45,109.98,0,"180,000",0,2026-08-24
1500073914,41396961,43 전세강추. 일자산뷰. 숲세권. 보증금조정가 반전세도 가능,THE포레온삼천사부동산중개법인(주),전세,406,고,249.09,109.99,"285,000","180,000",100,2026-08-24
1500073914,41414493,로얄43p. 장기거주가 고층일자산뷰 명품조경  최고급커뮤니티 조중식,로얄(02-470-0113)공인중개사사무소,전세,406,중,144.12,109.99,0,"180,000",0,2026-08-24
1500073914,41417031,43p 조용하고 조망좋은 웰빙단지 장기거주 가능. 조건협의,다원공인중개사사무소,전세,416,고,144.12,109.99,0,"180,000",0,2026-08-24
1500073914,41461399,43 일자산시원한뷰 정상입주가능  식세기등 옵션굿,포레온행운(471-3999)공인중개사사무소,전세,406,중,144.12,109.99,0,"180,000",0,2026-08-25
1500073914,41467007,"헤드, 43, 장기거주가, 귀한전세, 쾌적한단지, 생활권 편리",부동산헤드라인공인중개사사무소,전세,416,고,144.12,109.99,0,"180,000",0,2026-08-25
1500073914,41467010,"헤드, 43, 귀한전세, 장기거주가, 호텔급커뮤니티, 이용편리",부동산헤드라인공인중개사사무소,전세,416,중,142.48,109.98,0,"180,000",0,2026-08-25
1500073914,41443798,43 두쫀쿠일자산 조용 쾌적한동 피톤치드굿,올림픽파크포레온금탑공인중개사사무소,전세,406,중,249.09,109.99,"305,000","180,000",400,2026-08-25
1500073914,41446882,43. 시원한뷰. 입주협의. 9호선역세권,홍익포레온475-8889(단지내)공인중개사사무소,전세,425,고,143.00,109.99,0,"180,000",0,2026-08-25
1500073914,41370055,43 일자산시원한뷰 정상입주가능  식세기등 옵션굿,포레온행운(471-3999)공인중개사사무소,전세,406,고,144.12,109.99,0,"180,000",0,2026-08-22
1500073914,41375282,"헤드, 43, 일자산뷰, 귀한전세, 조중석식, 힐링단지",부동산헤드라인공인중개사사무소,전세,416,고,144.12,109.99,0,"180,000",0,2026-08-22
1500073914,41392193,"헤드, 43, 일자산뷰, 조중석식, 힐링단지, 귀한전세",부동산헤드라인공인중개사사무소,전세,416,고,249.09,109.99,0,"180,000",0,2026-08-24
1500073914,41392290,"헤드, 43, 일자산뷰, 장기거주가, 최고급커뮤니티",부동산헤드라인공인중개사사무소,전세,416,중,247.45,109.98,0,"180,000",0,2026-08-24
1500073914,41396961,43 전세강추. 일자산뷰. 숲세권. 보증금조정가 반전세도 가능,THE포레온삼천사부동산중개법인(주),전세,406,고,249.09,109.99,"285,000","180,000",100,2026-08-24
1500073914,41414493,로얄43p. 장기거주가 고층일자산뷰 명품조경  최고급커뮤니티 조중식,로얄(02-470-0113)공인중개사사무소,전세,406,중,144.12,109.99,0,"180,000",0,2026-08-24
1500073914,41417031,43p 조용하고 조망좋은 웰빙단지 장기거주 가능. 조건협의,다원공인중개사사무소,전세,416,고,144.12,109.99,0,"180,000",0,2026-08-24
1500073914,41461399,43 일자산시원한뷰 정상입주가능  식세기등 옵션굿,포레온행운(471-3999)공인중개사사무소,전세,406,중,144.12,109.99,0,"180,000",0,2026-08-25
1500073914,41467007,"헤드, 43, 장기거주가, 귀한전세, 쾌적한단지, 생활권 편리",부동산헤드라인공인중개사사무소,전세,416,고,144.12,109.99,0,"180,000",0,2026-08-25
1500073914,41467010,"헤드, 43, 귀한전세, 장기거주가, 호텔급커뮤니티, 이용편리",부동산헤드라인공인중개사사무소,전세,416,중,142.48,109.98,0,"180,000",0,2026-08-25
1500073914,41443798,43 두쫀쿠일자산 조용 쾌적한동 피톤치드굿,올림픽파크포레온금탑공인중개사사무소,전세,406,중,249.09,109.99,"305,000","180,000",400,2026-08-25
1500073914,41446882,43. 시원한뷰. 입주협의. 9호선역세권,홍익포레온475-8889(단지내)공인중개사사무소,전세,425,고,143.00,109.99,0,"180,000",0,2026-08-25
1500073914,41480010,43. 전세 l 빠른 입주 협의 l 집보고 결정,윤포레온공인중개사사무소,전세,404,중,144.12,109.99,0,"180,000",0,2026-08-25
1500073914,41476562,朴43 로얄층 양창형 일자산뷰 힐링단지 입주협의가,박씨네복덕방(02-474-9939)박지언공인중개사사무소,전세,416,고,144.12,109.99,0,"180,000",0,2026-08-25
1500073914,40518761,43. 귀한전세. 입주협의. 9호선 역세권.,홍익포레온475-8889(단지내)공인중개사사무소,전세,307,고,142.48,109.98,0,"180,000",0,2026-07-28
1500073914,41310815,37 두쫀쿠줄리엣테라스뷰 하이엔드 카페테리아및커뮤니티시설이용,올림픽파크포레온금탑공인중개사사무소,전세,210,저,216.36,95.97,0,"180,000",0,2026-08-21
1500073914,40810974,시티 37전세 남향 대단지커뮤니티 트인뷰,시티472-1117공인중개사사무소,전세,122,중,125.41,95.97,0,"170,000",0,2026-08-06
1500073914,40767943,37 만족도최고 트인뷰 채광굿  판상형 남향  더블역세권 커뮤니티,THE포레온삼천사부동산중개법인(주),전세,123,중,216.36,95.97,"280,000","170,000",200,2026-08-05
1500073914,41094250,"37A, 12월초이사협의. 편익시설굿. 편안한 정원조망. 융자무",대일484-7474부동산공인중개사사무소,전세,122,중,125.41,95.97,0,"170,000",0,2026-08-14
1500073914,41359950,"nice 매물, 뻥뷰, 로얄호, 포레온 최고 매물, 9호선5호선 더블",올림픽파크포레온 나이스 단지내 공인중개사사무소,전세,210,고,125.41,95.97,0,"170,000",0,2026-08-22
1500073914,41094250,"37A, 12월초이사협의. 편익시설굿. 편안한 정원조망. 융자무",대일484-7474부동산공인중개사사무소,전세,122,중,125.41,95.97,0,"170,000",0,2026-08-14
1500073914,40579504,34.잠실타워뷰.9호선상가이용편리.커뮤니티 바로 아래.,단지내승진포레온공인중개사사무소,전세,311,중,112.69,84.99,0,"165,000",0,2026-07-29
1500073914,40579506,,단지내승진포레온공인중개사사무소,전세,311,중,112.69,84.99,0,"165,000",0,2026-07-29
1500073914,40596196,"34.추천 남향판상 장기 되는 위례초, 커뮤니티, 9호선 근접로얄동",누리부동산공인중개사사무소 ,전세,311,중,112.69,84.99,0,"165,000",0,2026-07-30
1500073914,40732586,34 추천. 위례초. 동북중고. 주거만족 굿. 최고급커뮤니티.,단지내하나공인중개사사무소,전세,312,중,193.22,84.99,0,"165,000",0,2026-08-04
1500073914,40740462,34 하나추천. 햇살가득 기분좋은 집. 프리미엄대단지. 집보기가능,단지내하나공인중개사사무소,전세,312,중,112.69,84.99,0,"165,000",0,2026-08-04
1500073914,40820313,34P 주인거주로 귀한 올팍뻥뷰 동.간격 넓고 조용하고 아늑한 뷰 맛집,다원공인중개사사무소,전세,310,고,112.69,84.99,0,"165,000",0,2026-08-06
1500073914,40769321,34. 전세 l 실매물 보고 결정 l 장기거주,윤포레온공인중개사사무소,전세,312,중,112.69,84.99,0,"165,000",0,2026-08-05
1500073914,40740463,34 하나추천. 뷰짱. 귀한 전세.  최고급커뮤니티. 위례초.,단지내하나공인중개사사무소,전세,303,고,113.45,84.98,0,"160,000",0,2026-08-04
1500073914,40729654,34전세O 집보기O 입주협의O 장기거주O,윤포레온공인중개사사무소,전세,303,중,113.45,84.98,0,"160,000",0,2026-08-03
1500073914,40555425,34 추천. 귀한전세. 위례초. 동북중고. 최고급커뮤니티. 주거만족 짱,단지내하나공인중개사사무소,전세,303,고,0.00,84.98,0,"160,000",0,2026-07-29
1500073914,41179353,"34, 집보고 결정,판상형, 남향,바로진행,10월 중순협의",으뜸포레온공인중개사사무소,전세,311,중,193.22,84.99,0,"160,000",0,2026-08-18
1500073914,41005443,"오늘확인매물,조합 전세,10월입주일 협의,판상형 굿 뷰",올림픽파크포레온 나이스 단지내 공인중개사사무소,전세,310,고,193.22,84.99,0,"160,000",0,2026-08-12
1500073914,40927265,"34A, 9호선지하철이용 편리 안정감있는 단지정원뷰",포레온행운(471-3999)공인중개사사무소,전세,311,중,112.69,84.99,0,"160,000",0,2026-08-10
1500073914,41359944,"귀한 전세,판상형, 장기거주가, 입주 협의가,초 역세권. 위례초배정",올림픽파크포레온 나이스 단지내 공인중개사사무소,전세,310,고,112.69,84.99,0,"160,000",0,2026-08-22
1500073914,41442634,34 아이 키우기 완벽한 단지 3분컷 초등 및 호텔사는 삶,올림픽파크포레온금탑공인중개사사무소,전세,312,중,193.22,84.99,"300,000","160,000",200,2026-08-25
1500073914,41449198,43 찐매물 뻥뷰 전세도가능 입주일협의가능,대일484-7474부동산공인중개사사무소,월세,404,고,142.48,109.98,0,"160,000",100,2026-08-25
1500073914,41119133,둔촌초 동북중고 편리 귀한전세,부흥부동산공인중개사사무소,전세,203,중,112.69,84.99,0,"160,000",0,2026-08-14
1500073914,41446891,"34.장기거주 남향. 역세권. 귀한 전세 , 놓치지마세요",홍익포레온475-8889(단지내)공인중개사사무소,전세,203,고,112.69,84.99,0,"160,000",0,2026-08-25
1500073914,41450347,"nice매물, 입주협의가,인기구조,와이드한 거실평면, 굿초이스 매물",올림픽파크포레온 나이스 단지내 공인중개사사무소,전세,203,고,112.69,84.99,0,"160,000",0,2026-08-25
1500073914,41005443,"오늘확인매물,조합 전세,10월입주일 협의,판상형 굿 뷰",올림픽파크포레온 나이스 단지내 공인중개사사무소,전세,310,고,193.22,84.99,0,"160,000",0,2026-08-12
1500073914,40927265,"34A, 9호선지하철이용 편리 안정감있는 단지정원뷰",포레온행운(471-3999)공인중개사사무소,전세,311,중,112.69,84.99,0,"160,000",0,2026-08-10
1500073914,41359944,"귀한 전세,판상형, 장기거주가, 입주 협의가,초 역세권. 위례초배정",올림픽파크포레온 나이스 단지내 공인중개사사무소,전세,310,고,112.69,84.99,0,"160,000",0,2026-08-22
1500073914,41325189,34 확실한매물 집보기가능 조용하고 아늑한집. 귀한매물입니다,대일484-7474부동산공인중개사사무소,전세,124,고,112.69,84.99,0,"155,000",0,2026-08-21
1500073914,41313712,"34, 집보고 결정,판상형, 남향,바로진행,주상가이용편리",으뜸포레온공인중개사사무소,전세,123,고,193.22,84.99,0,"155,000",0,2026-08-21
1500073914,41356096,"34, 바로진행, 집보고 결정, 집상태 최상, 입주협의",으뜸포레온공인중개사사무소,전세,123,중,193.22,84.99,0,"155,000",0,2026-08-22
1500073914,41356101,"34, 바로 진행, 집보고 결정,판상형, 남향, 입주협의",으뜸포레온공인중개사사무소,전세,124,고,193.22,84.99,0,"155,000",0,2026-08-22
1500073914,41266638,34A 남향에 5호선상가.둔천시장 생활편의시설이용하기좋음.,포레온행운(471-3999)공인중개사사무소,전세,124,고,112.69,84.99,0,"155,000",0,2026-08-20
1500073914,41268508,윤.34 l 집보고 결정 l 남향 l 10월입주 l 장기거주,윤포레온공인중개사사무소,전세,124,고,112.69,84.99,0,"155,000",0,2026-08-19
1500073914,41269143,"34,계약1순위, 바로진행 ,입주협의,융무",으뜸포레온공인중개사사무소,전세,124,고,112.69,84.99,0,"155,000",0,2026-08-20
1500073914,41274096,,포레온9프라임부동산중개사무소,전세,122,중,112.69,84.99,0,"155,000",0,2026-08-20
1500073914,41274384,34. 장기거주. 남향.햇살좋은집,홍익포레온475-8889(단지내)공인중개사사무소,전세,123,고,112.69,84.99,0,"155,000",0,2026-08-20
1500073914,41274510,"34,바로진행 집보고결정,입주협의,바로진행, 융무",으뜸포레온공인중개사사무소,전세,124,고,112.69,84.99,0,"155,000",0,2026-08-20
1500073914,41239741,"귀한 전세,판상형, 장기거주가, 입주 협의가,초 역세권. 위례초배정",올림픽파크포레온 나이스 단지내 공인중개사사무소,전세,124,고,112.69,84.99,0,"155,000",0,2026-08-19
1500073914,41414491,"로얄34p. 귀한전세 장기거주가 둔촌초가까운동 5호선,상가이용용이",로얄(02-470-0113)공인중개사사무소,전세,203,중,112.69,84.99,0,"155,000",0,2026-08-24
1500073914,41414494,"로얄34p. 귀한판상형 정남향 주거만족도최상 커뮤니티, 단지조경 굿",로얄(02-470-0113)공인중개사사무소,전세,121,중,112.69,84.99,0,"155,000",0,2026-08-24
1500073914,41375290,"헤드, 34, 판상형 남향, 5호선, 메인상가, 둔촌초 인접",부동산헤드라인공인중개사사무소,전세,124,고,112.69,84.99,0,"155,000",0,2026-08-22
1500073914,41392164,"헤드, 34, 귀한전세, 5호선, 메인상가, 둔촌초인접",부동산헤드라인공인중개사사무소,전세,124,고,193.22,84.99,0,"155,000",0,2026-08-24
1500073914,41466804,"34p. 장기거주가능, 집보기가능, 메인상가이용편리",포레온(단지내)채움부동산공인중개사사무소,전세,124,고,112.69,84.99,0,"155,000",0,2026-08-25
1500073914,41467014,"헤드, 34, 귀한전세, 5호선, 메인상가, 둔촌초 인접, 생활권편리",부동산헤드라인공인중개사사무소,전세,124,고,112.69,84.99,0,"155,000",0,2026-08-25
1500073914,41392164,"헤드, 34, 귀한전세, 5호선, 메인상가, 둔촌초인접",부동산헤드라인공인중개사사무소,전세,124,고,193.22,84.99,0,"155,000",0,2026-08-24
1500073914,41466804,"34p. 장기거주가능, 집보기가능, 메인상가이용편리",포레온(단지내)채움부동산공인중개사사무소,전세,124,고,112.69,84.99,0,"155,000",0,2026-08-25
1500073914,41467014,"헤드, 34, 귀한전세, 5호선, 메인상가, 둔촌초 인접, 생활권편리",부동산헤드라인공인중개사사무소,전세,124,고,112.69,84.99,0,"155,000",0,2026-08-25
1500073914,41480018,윤.34 l 집보고 결정 l 남향 l 장기거주,윤포레온공인중개사사무소,전세,123,중,112.69,84.99,0,"155,000",0,2026-08-25
1500073914,41476563,朴34 로얄층남향 판상형  장기거주가 5호선메인상가이용편리,박씨네복덕방(02-474-9939)박지언공인중개사사무소,전세,123,중,112.69,84.99,0,"155,000",0,2026-08-25
1500073914,41467038,34.남향. 판상형. 장기거주. 5호선상가 이용편리,금성484-4004(단지내30여년)포레온공인중개사사무소,전세,124,고,112.69,84.99,0,"155,000",0,2026-08-25
1500073914,41402998,34A 남향에 5호선상가.둔촌시장 생활편의시설이용하기좋음.,포레온행운(471-3999)공인중개사사무소,전세,124,고,112.69,84.99,0,"155,000",0,2026-08-24
1500073914,41434947,"34, 집보고 결정,판상형, 남향, 입주협의",으뜸포레온공인중개사사무소,전세,124,중,193.22,84.99,0,"155,000",0,2026-08-25
1500073914,41439620,34 줄리엣테라스뷰 하이엔드 주거생활 스포츠컴플렉스 워라벨,올림픽파크포레온금탑공인중개사사무소,전세,124,고,193.22,84.99,0,"155,000",0,2026-08-25
1500073914,41206329,1단지 전세 편리한 생활권 5호선 고층 남향 판상형,부흥부동산공인중개사사무소,전세,124,고,332.57,84.99,"500,000","155,000",340,2026-08-19
1500073914,40929767,시티 34전세 장기거주가능 5호선역근접동 입주민만족도굿,시티472-1117공인중개사사무소,전세,124,고,112.69,84.99,0,"155,000",0,2026-08-10
1500073914,41053035,"로얄34p. 귀한전세 장기거주가 둔촌초가까운동 5호선,상가이용용이",로얄(02-470-0113)공인중개사사무소,전세,123,고,112.69,84.99,0,"155,000",0,2026-08-12
1500073914,41450344,"오늘확인매물, 귀한 전세, 입주 날짜 협의가능.장기거주가",올림픽파크포레온 나이스 단지내 공인중개사사무소,전세,109,중,112.69,84.99,0,"155,000",0,2026-08-25
1500073914,41204098,34p.조용하고 채광좋은 거주지. 조건협의,다원공인중개사사무소,전세,424,중,112.98,84.99,0,"150,000",0,2026-08-18
1500073914,41099632,"43, 강추 월세, 장기 거주,집보고 결정, 트인뷰",으뜸포레온공인중개사사무소,월세,406,중,144.12,109.99,0,"150,000",120,2026-08-14
1500073914,41115376,"43p. 방4 화2, 장기거주, 남향, 입주협의",포레온(단지내)채움부동산공인중개사사무소,월세,416,고,142.48,109.98,0,"150,000",120,2026-08-14
1500073914,41235581,43 반전세 l 집보고 결정 l 장기거주 l 트인전망,윤포레온공인중개사사무소,월세,406,고,144.12,109.99,0,"150,000",150,2026-08-18
1500073914,40970461,43 하나추천. 장기거주. 주거만족최상. 프리미엄대단지. 전세도가능,단지내하나공인중개사사무소,월세,416,고,249.09,109.99,0,"150,000",120,2026-08-11
1500073914,40918487,34 전세 강추. 최저가.양창구조로 개방감굿. 더블역세권. 근린공원.,THE포레온삼천사부동산중개법인(주),전세,405,중,193.51,84.99,0,"150,000",1,2026-08-10
1500073914,40836795,34 l 급전세 l 실매물보기 l 장기거주 l 양창,윤포레온공인중개사사무소,전세,424,고,112.98,84.99,0,"150,000",0,2026-08-06
1500073914,41445605,"34, 집보고 결정,판상형, 남향, 입주협의,장기",으뜸포레온공인중개사사무소,전세,202,중,193.22,84.99,0,"150,000",0,2026-08-25
1500073914,41445877,"오늘확인매물, 귀한 전세,입주 날짜 협의가능.장기거주가",올림픽파크포레온 나이스 단지내 공인중개사사무소,전세,202,고,193.22,84.99,0,"150,000",0,2026-08-25
1500073914,41450345,"귀한 전세,판상형, 장기거주가, 입주 협의가,초 역세권. 위례초배정",올림픽파크포레온 나이스 단지내 공인중개사사무소,전세,202,고,112.69,84.99,0,"150,000",0,2026-08-25
1500073914,41481424,"34, 집보고 결정,판상형, 남향, 입주협의,장기",으뜸포레온공인중개사사무소,전세,203,중,193.22,84.99,0,"150,000",0,2026-08-26
1500073914,41467036,34.남향. 빠른입주. 판상형. 최저가,금성484-4004(단지내30여년)포레온공인중개사사무소,전세,203,중,112.69,84.99,0,"150,000",0,2026-08-25
1500073914,41461398,34A 남향에 5.9호선상가 에풀 커뮤니티이용편리한동,포레온행운(471-3999)공인중개사사무소,전세,202,중,112.69,84.99,0,"150,000",0,2026-08-25
1500073914,41380970,승진추천. 복층 분리세대. 출입문 별도. 장기거주 가능. 5호선 역세권,단지내승진포레온공인중개사사무소,전세,121,저,150.99,113.97,0,"150,000",0,2026-08-22
1500073914,41417029,복층형 독립분리세대 34P 정원뷰 방3화2 올인테리어 입주협의,다원공인중개사사무소,전세,121,저,150.99,113.97,0,"150,000",0,2026-08-24
1500073914,41239754,"nice  공기좋고 아늑한 정원조망 집, 편안하게 오래 거주가.",올림픽파크포레온 나이스 단지내 공인중개사사무소,전세,122,저,150.99,113.97,0,"150,000",0,2026-08-18
1500073914,41231048,"34A 남향,5호선상가.둔촌시장 생활편의시설이용하기좋음.",포레온행운(471-3999)공인중개사사무소,전세,123,중,112.69,84.99,0,"150,000",0,2026-08-18
1500073914,41204098,34p.조용하고 채광좋은 거주지. 조건협의,다원공인중개사사무소,전세,424,중,112.98,84.99,0,"150,000",0,2026-08-18
1500073914,41099632,"43, 강추 월세, 장기 거주,집보고 결정, 트인뷰",으뜸포레온공인중개사사무소,월세,406,중,144.12,109.99,0,"150,000",120,2026-08-14
1500073914,41115376,"43p. 방4 화2, 장기거주, 남향, 입주협의",포레온(단지내)채움부동산공인중개사사무소,월세,416,고,142.48,109.98,0,"150,000",120,2026-08-14
1500073914,41235581,43 반전세 l 집보고 결정 l 장기거주 l 트인전망,윤포레온공인중개사사무소,월세,406,고,144.12,109.99,0,"150,000",150,2026-08-18
1500073914,40970461,43 하나추천. 장기거주. 주거만족최상. 프리미엄대단지. 전세도가능,단지내하나공인중개사사무소,월세,416,고,249.09,109.99,0,"150,000",120,2026-08-11
1500073914,40918487,34 전세 강추. 최저가.양창구조로 개방감굿. 더블역세권. 근린공원.,THE포레온삼천사부동산중개법인(주),전세,405,중,193.51,84.99,0,"150,000",1,2026-08-10
1500073914,40836795,34 l 급전세 l 실매물보기 l 장기거주 l 양창,윤포레온공인중개사사무소,전세,424,고,112.98,84.99,0,"150,000",0,2026-08-06
1500073914,40840464,34 전세 강추. 최저가.양창구조로 개방감굿. 더블역세권. 근린공원.,THE포레온삼천사부동산중개법인(주),전세,405,중,193.51,84.99,0,"150,000",1,2026-08-07
1500073914,40840481,43 반전세강추. 일자산뷰. 숲세권. 보증금조정가 전세도 가능,THE포레온삼천사부동산중개법인(주),월세,406,고,249.09,109.99,"285,000","150,000",120,2026-08-07
1500073914,41053044,로얄34p. 9호선이용용이  귀한전세 입주협의 커뮤니티 만족도 최상,로얄(02-470-0113)공인중개사사무소,전세,417,중,112.98,84.99,0,"150,000",0,2026-08-12
1500073914,41450357,"보증금 조정가, 이사오면 공기좋고,바람 좋고, 해 좋은집, 주인집",올림픽파크포레온 나이스 단지내 공인중개사사무소,월세,416,중,144.12,109.99,0,"150,000",120,2026-08-25
1500073914,41333207,43P 귀한전세  일자산뷰 탁트인조망  9호선상가 근접 역세권,다원공인중개사사무소,월세,423,고,143.00,109.99,0,"150,000",160,2026-08-21
1500073914,41480016,43 l 역세권 l 숲세권 l 학세권 l 남향 트인뷰,윤포레온공인중개사사무소,월세,416,중,142.48,109.98,0,"150,000",140,2026-08-25
1500073914,41075404,복층 l 분리세대 l 완전독립 l 장기거주,윤포레온공인중개사사무소,전세,122,저,150.99,113.97,0,"150,000",0,2026-08-13
1500073914,40766878,귀한전세. 분리형복층. 편안한 정원뷰. 인테리어.  판상형  더블역세권,THE포레온삼천사부동산중개법인(주),전세,122,저,259.76,113.97,"340,000","150,000",0,2026-08-05
1500073914,40469246,귀한전세. 분리형복층. 편안한 정원뷰. 인테리어.  판상형  더블역세권,THE포레온삼천사부동산중개법인(주),전세,122,저,259.76,113.97,"340,000","150,000",0,2026-07-27
1500073914,40469871,"귀한전세,37구조, 방3,화2,넓은 거실, 아늑한 정원 조망,단독주택느낌",올림픽파크포레온 나이스 단지내 공인중개사사무소,전세,122,저,0.00,113.97,0,"150,000",0,2026-07-27
1500073914,41445605,"34, 집보고 결정,판상형, 남향, 입주협의,장기",으뜸포레온공인중개사사무소,전세,202,중,193.22,84.99,0,"150,000",0,2026-08-25
1500073914,41445877,"오늘확인매물, 귀한 전세,입주 날짜 협의가능.장기거주가",올림픽파크포레온 나이스 단지내 공인중개사사무소,전세,202,고,193.22,84.99,0,"150,000",0,2026-08-25
1500073914,41450345,"귀한 전세,판상형, 장기거주가, 입주 협의가,초 역세권. 위례초배정",올림픽파크포레온 나이스 단지내 공인중개사사무소,전세,202,고,112.69,84.99,0,"150,000",0,2026-08-25
1500073914,41481424,"34, 집보고 결정,판상형, 남향, 입주협의,장기",으뜸포레온공인중개사사무소,전세,203,중,193.22,84.99,0,"150,000",0,2026-08-26
1500073914,41467036,34.남향. 빠른입주. 판상형. 최저가,금성484-4004(단지내30여년)포레온공인중개사사무소,전세,203,중,112.69,84.99,0,"150,000",0,2026-08-25
1500073914,41461398,34A 남향에 5.9호선상가 에풀 커뮤니티이용편리한동,포레온행운(471-3999)공인중개사사무소,전세,202,중,112.69,84.99,0,"150,000",0,2026-08-25
1500073914,41380970,승진추천. 복층 분리세대. 출입문 별도. 장기거주 가능. 5호선 역세권,단지내승진포레온공인중개사사무소,전세,121,저,150.99,113.97,0,"150,000",0,2026-08-22
1500073914,41417029,복층형 독립분리세대 34P 정원뷰 방3화2 올인테리어 입주협의,다원공인중개사사무소,전세,121,저,150.99,113.97,0,"150,000",0,2026-08-24
1500073914,41239754,"nice  공기좋고 아늑한 정원조망 집, 편안하게 오래 거주가.",올림픽파크포레온 나이스 단지내 공인중개사사무소,전세,122,저,150.99,113.97,0,"150,000",0,2026-08-18
1500073914,41231048,"34A 남향,5호선상가.둔촌시장 생활편의시설이용하기좋음.",포레온행운(471-3999)공인중개사사무소,전세,123,중,112.69,84.99,0,"150,000",0,2026-08-18
1500073914,41197188,45.귀한복층.출입구2. 1층 다양한용도사용가능,금성484-4004(단지내30여년)포레온공인중개사사무소,월세,122,저,150.99,113.97,0,"140,000",200,2026-08-18
1500073914,41053045,로얄45. 정원뷰아름다운복층 미술학원피아노교습소등 직주근접 만족도최상,로얄(02-470-0113)공인중개사사무소,월세,122,저,150.99,113.97,0,"140,000",200,2026-08-12
1500073914,41028263,朴45P 귀한복층 출입문2개 세대분리형 에어컨6,박씨네복덕방(02-474-9939)박지언공인중개사사무소,월세,122,저,150.99,113.97,0,"140,000",200,2026-08-13
1500073914,41034151,45p. 복층 세대. 공간 활용도 높음. 장기거주 가능. 5호선 역세권,단지내승진포레온공인중개사사무소,월세,122,저,150.99,113.97,0,"140,000",200,2026-08-13
1500073914,40877580,37 알파룸 l 집보고 결정 l 판상형 l 입주협의,윤포레온공인중개사사무소,월세,122,중,125.41,95.97,0,"130,000",160,2026-08-07
1500073914,41034154,25. 조용한동.리조트급 커뮤니티.자연친화적 단지.초더블역세권,단지내승진포레온공인중개사사무소,전세,420,중,85.28,59.99,0,"130,000",0,2026-08-13
1500073914,41274963,25 귀한 전세 l 위례초 l 남향 l 트인전망,윤포레온공인중개사사무소,전세,418,고,85.28,59.99,0,"130,000",0,2026-08-20
1500073914,41392651,"헤드, 25, 위례초, 귀한전세, 리조트급커뮤니티인접, 게스트하우스",부동산헤드라인공인중개사사무소,전세,420,중,0.00,59.99,0,"130,000",0,2026-08-24
1500073914,41375286,"헤드, 25, 공세권, 귀한전세, 신혼부부추천, 신축대단지, 굿커뮤니티",부동산헤드라인공인중개사사무소,전세,420,중,85.28,59.99,0,"130,000",0,2026-08-22
1500073914,41034155,25. 장기거주가능. 조용한동.리조트급 커뮤니티.자연친화적 단지,단지내승진포레온공인중개사사무소,전세,401,저,85.28,59.99,0,"125,000",0,2026-08-13
1500073914,40975503,윤.25 l 귀하다 전세 l 위례초 l 장기거주,윤포레온공인중개사사무소,전세,418,고,85.28,59.99,0,"125,000",0,2026-08-11
1500073914,40858586,귀한25.  남향. 장기거주가능.,포레온행운(471-3999)공인중개사사무소,전세,420,중,85.28,59.99,0,"125,000",0,2026-08-07
1500073914,40783844,귀한25.  남향. 장기거주가능.,포레온행운(471-3999)공인중개사사무소,전세,420,중,85.28,59.99,0,"125,000",0,2026-08-05
1500073914,40885807,귀한25.  남향. 장기거주가능.,포레온행운(471-3999)공인중개사사무소,전세,420,중,85.28,59.99,0,"125,000",0,2026-08-08
1500073914,41231058,귀한25.  남향. 장기거주가능.,포레온행운(471-3999)공인중개사사무소,전세,418,중,85.28,59.99,0,"125,000",0,2026-08-18
1500073914,41215180,25 두쫀쿠 워라벨 피톤치드향품은 힐링단지,올림픽파크포레온금탑공인중개사사무소,전세,420,고,142.12,59.99,0,"125,000",0,2026-08-19
1500073914,41130579,,윤포레온공인중개사사무소,전세,418,저,85.28,59.99,0,"125,000",0,2026-08-14
1500073914,41108875,귀한25.  남향. 장기거주가능.,포레온행운(471-3999)공인중개사사무소,전세,420,중,85.28,59.99,0,"125,000",0,2026-08-14
1500073914,40590168,25 남향 전세 최고 조건으로 빠르게 연결,부흥부동산공인중개사사무소,전세,420,중,142.12,59.99,"300,000","125,000",340,2026-07-30
1500073914,40657881,귀한25.  남향. 장기거주가능.,포레온행운(471-3999)공인중개사사무소,전세,420,중,85.28,59.99,0,"125,000",0,2026-07-31
1500073914,41480520,"25,집보고 결정, 10월 협의, 장기거주, 위례초",으뜸포레온공인중개사사무소,전세,306,중,142.12,59.99,"258,000","125,000",180,2026-08-26
1500073914,40552922,"25 전세, 남향,방2,넓은거실,9호선 인접동, 커뮤니티동,생활편의 좋은",올림픽파크포레온 나이스 단지내 공인중개사사무소,전세,418,고,142.12,59.99,0,"125,000",0,2026-07-29
1500073914,41434983,"25, 바로진행, 10월 중순, 장기거주, 로얄동 로얄층",으뜸포레온공인중개사사무소,전세,307,고,142.12,59.99,"258,000","125,000",180,2026-08-25
1500073914,41434983,"25, 바로진행, 10월 중순, 장기거주, 로얄동 로얄층",으뜸포레온공인중개사사무소,전세,307,고,142.12,59.99,"258,000","125,000",180,2026-08-25
1500073914,41449203,,대일484-7474부동산공인중개사사무소,전세,312,고,85.38,59.98,0,"125,000",0,2026-08-25
1500073914,41379373,25 귀한 찐매물  남향 판상형 밝고 트인집,누리부동산공인중개사사무소 ,전세,420,고,85.28,59.99,0,"125,000",0,2026-08-22
1500073914,41398657,"25p. 방3 화2, 장기거주가능, 남향",포레온(단지내)채움부동산공인중개사사무소,전세,420,중,85.28,59.99,0,"125,000",0,2026-08-24
1500073914,41405287,25남향. 강추. 귀한전세. 트인뷰. 워라벨아파트.,단지내하나공인중개사사무소,전세,420,고,85.28,59.99,0,"125,000",0,2026-08-24
1500073914,41266641,귀한25.  남향. 장기거주가능.,포레온행운(471-3999)공인중개사사무소,전세,418,중,85.28,59.99,0,"125,000",0,2026-08-20
1500073914,41402997,귀한25.  남향. 장기거주가능.10월말입주가능,포레온행운(471-3999)공인중개사사무소,전세,420,고,85.28,59.99,0,"123,000",0,2026-08-24
1500073914,41461401,귀한25.  남향. 장기거주가능.,포레온행운(471-3999)공인중개사사무소,전세,420,고,85.28,59.99,0,"123,000",0,2026-08-25
1500073914,41434815,"25, 집보고결정, 빠른입주, 장기거주, 옵션 최상",으뜸포레온공인중개사사무소,전세,420,고,142.12,59.99,"258,000","123,000",0,2026-08-25
1500073914,41388514,"25, 바로계약, 10월 말, 장기거주, 옵션 최상",으뜸포레온공인중개사사무소,전세,420,고,142.12,59.99,"258,000","123,000",0,2026-08-24
1500073914,41333202,"34P 입주협의 조건협의 위례초배정, 9호선 상가 근접 생활편리",다원공인중개사사무소,월세,314,중,112.98,84.99,0,"120,000",160,2026-08-21
1500073914,41094267,34 로얄동 로얄층 위례학군 보증금조정가능,대일484-7474부동산공인중개사사무소,월세,316,고,112.98,84.99,0,"120,000",140,2026-08-14
1500073914,40836797,윤. 34. 10월초 l 집보고 결정 l 장기거주 l 트인양창,윤포레온공인중개사사무소,월세,314,고,112.98,84.99,0,"120,000",140,2026-08-06
1500073914,40597870,,단지내승진포레온공인중개사사무소,월세,411,고,165.46,134.98,0,"120,000",400,2026-07-30
1500073914,40978727,34 보증금높은 월세추천. 채광. 조망 굿. 최고급 커뮤니티.,단지내하나공인중개사사무소,월세,415,중,112.98,84.99,0,"120,000",160,2026-08-11
1500073914,41053038,로얄50p. 귀한대형평수 일자산뻥뷰  장기거주 최신커뮤니티 조중식,로얄(02-470-0113)공인중개사사무소,월세,410,고,165.46,134.98,0,"120,000",400,2026-08-12
1500073914,41075027,"50p. 방4 화2, 보증금조율가능, 입주협의, 일자산뷰굿",포레온(단지내)채움부동산공인중개사사무소,월세,411,고,165.46,134.98,0,"120,000",400,2026-08-13
1500073914,41065245,시티 50월세 로얄층 피톤치드나오는일자산뷰 힐링산책로,시티472-1117공인중개사사무소,월세,411,고,165.46,134.98,0,"120,000",400,2026-08-13
1500073914,41386907,34.반전세O 10월입주O 장기거주O 보증금조정O,윤포레온공인중개사사무소,월세,415,고,112.98,84.99,0,"120,000",160,2026-08-22
1500073914,41380974,34D.금액 조율가. 뻥뷰.자연친화적 힐링라이프.숲세권.조용한단지,단지내승진포레온공인중개사사무소,월세,415,고,112.98,84.99,0,"120,000",160,2026-08-22
1500073914,40736843,37. 귀한월세. 생활편리동. 다양한커뮤니티 아름다운조경,홍익포레온475-8889(단지내)공인중개사사무소,월세,123,중,125.41,95.97,0,"120,000",200,2026-08-04
1500073914,40766818,37 만족도최고 트인뷰 채광굿  판상형 남향  더블역세권 커뮤니티,THE포레온삼천사부동산중개법인(주),월세,123,중,216.36,95.97,"280,000","120,000",180,2026-08-05
1500073914,41130569,43반전세 l R.R l 집보고 결정 l 장기거주,윤포레온공인중개사사무소,월세,120,중,142.48,109.98,0,"120,000",400,2026-08-14
1500073914,41313497,"37,집보고 결정, 입주협의, 바로 진행, 집상태 굿",으뜸포레온공인중개사사무소,월세,123,중,216.36,95.97,0,"120,000",180,2026-08-21
1500073914,41380969,43. 뻥뷰. 금액조율가능. 단지 중앙위치로 커뮤니티 이용편리,단지내승진포레온공인중개사사무소,월세,205,중,142.48,109.98,0,"120,000",500,2026-08-22
1500073914,41333202,"34P 입주협의 조건협의 위례초배정, 9호선 상가 근접 생활편리",다원공인중개사사무소,월세,314,중,112.98,84.99,0,"120,000",160,2026-08-21
1500073914,41094267,34 로얄동 로얄층 위례학군 보증금조정가능,대일484-7474부동산공인중개사사무소,월세,316,고,112.98,84.99,0,"120,000",140,2026-08-14
1500073914,40836797,윤. 34. 10월초 l 집보고 결정 l 장기거주 l 트인양창,윤포레온공인중개사사무소,월세,314,고,112.98,84.99,0,"120,000",140,2026-08-06
1500073914,41075029,"34p. 장기거주, 보증금 월세 조정가능, 10월입주협의",포레온(단지내)채움부동산공인중개사사무소,월세,415,고,112.98,84.99,0,"110,000",200,2026-08-13
1500073914,40971659,34 강추. 보증금 높은 반전세. 햇살가득한 남향. 뻥뷰. 주거만족 최상,단지내하나공인중개사사무소,월세,415,고,193.51,84.99,0,"110,000",200,2026-08-11
1500073914,40974941,"34,집보고 결정,10월 입주, 보증금조절가능,양창 개방감",으뜸포레온공인중개사사무소,월세,415,고,112.98,84.99,0,"110,000",200,2026-08-11
1500073914,40735744,"오늘 확인,임대인 확인.10월중 협의가. 고층 뷰 좋고 햇살 밝은집.",올림픽파크포레온 나이스 단지내 공인중개사사무소,월세,415,고,193.51,84.99,0,"110,000",200,2026-08-04
1500073914,40552905,"오늘 확인,임대인 확인.10월중 협의가. 고층 뷰 좋고 햇살 밝은집.",올림픽파크포레온 나이스 단지내 공인중개사사무소,월세,415,고,193.51,84.99,0,"110,000",200,2026-07-29
1500073914,40515497,34 보증금높은 반전세 양창구조 알파룸 채광굿 중석식 도서관 동간간격넓음,THE포레온삼천사부동산중개법인(주),월세,415,고,193.51,84.99,0,"110,000",200,2026-07-28
1500073914,40515499,34 반전세. 풀에.  양창 개방감굿. 채광굿. 더블역세권.숲세권,THE포레온삼천사부동산중개법인(주),월세,417,고,193.51,84.99,"310,000","110,000",200,2026-07-28
1500073914,40470103,34 보증금높은 반전세 양창구조 알파룸 채광굿 중석식 도서관 동간간격넓음,THE포레온삼천사부동산중개법인(주),월세,415,고,249.09,84.99,0,"110,000",200,2026-07-27
1500073914,41467017,"헤드, 37, 남향, 둔촌초, 리조트급커뮤니티, 더블역세권",부동산헤드라인공인중개사사무소,월세,210,고,125.41,95.97,0,"110,000",240,2026-08-25
1500073914,41350883,"오늘 확인,임대인 직접.10월중 협의가. 고층 뷰 좋고 햇살 밝은집.",올림픽파크포레온 나이스 단지내 공인중개사사무소,월세,405,고,112.98,84.99,0,"110,000",200,2026-08-21
1500073914,41333193,"34P  조합원매물, 보증금.월세 조정가, 에풀, 비스포크, 인덕션",다원공인중개사사무소,월세,415,고,112.98,84.99,0,"110,000",200,2026-08-21
1500073914,41278187,34추천. 보증금높은 반전세. 뻥뷰. 최고급커뮤니티. 주거만족 최상,단지내하나공인중개사사무소,월세,415,고,112.98,84.99,0,"110,000",200,2026-08-20
1500073914,41450351,"오늘 확인,임대인 확인.10월중 협의가. 고층 뷰 좋고 햇살 밝은집.",올림픽파크포레온 나이스 단지내 공인중개사사무소,월세,415,고,112.98,84.99,0,"110,000",200,2026-08-25
1500073914,41480020,34 l 집보기O 보증금 조정O 장기거주O,윤포레온공인중개사사무소,월세,415,고,112.98,84.99,0,"110,000",200,2026-08-25
1500073914,41273922,"12월 입주 협의가능, 보증금 10억도 가능. 뻥뷰. 집보기 가능.",올림픽파크포레온 나이스 단지내 공인중개사사무소,월세,210,고,125.41,95.97,0,"110,000",240,2026-08-20
1500073914,41396702,"헤드, 37, 더블역세권, 남향, 최고급커뮤니티시설, 둔촌초",부동산헤드라인공인중개사사무소,월세,210,고,216.36,95.97,0,"110,000",240,2026-08-24
1500073914,41481674,43 하이엔드 줄리엣테라스뷰 워라벨 커뮤니티이용굿,올림픽파크포레온금탑공인중개사사무소,월세,205,중,247.45,109.98,0,"100,000",500,2026-08-26
1500073914,41333208,43P 로얄동.로얄층 조망좋은 메인상가 둔촌역근접보증금.월세 조정가능,다원공인중개사사무소,월세,120,중,142.48,109.98,0,"100,000",500,2026-08-21
1500073914,40929772,37 햇살가득한 남향집. 최고급커뮤니티. 주거만족 최상. 장기거주,단지내하나공인중개사사무소,월세,122,중,125.41,95.97,0,"100,000",280,2026-08-10
1500073914,41449189,포레온 일퍼센트. 매물. 롯데타월. 올팍뷰. 초중고품아,대일484-7474부동산공인중개사사무소,월세,303,고,114.42,84.99,0,"100,000",280,2026-08-25
1500073914,41112355,50p 장기거주가능. 아늑한 숲속 웰빙 거주지 보증금.월세 조정,다원공인중개사사무소,월세,411,고,165.46,134.98,0,"100,000",480,2026-08-14
1500073914,41091503,34. 위례초. 9호선역세권. 남향. 동간 넓고 시원한뷰,홍익포레온475-8889(단지내)공인중개사사무소,월세,415,고,112.98,84.99,0,"100,000",240,2026-08-14
1500073914,41443766,43 피톤치드가득품은 로얄주거생활 및 커뮤니티시설,올림픽파크포레온금탑공인중개사사무소,월세,404,고,249.09,109.99,0,"100,000",440,2026-08-25
1500073914,41333209,"34P 조용하고 아늑한 숲세권 , 상가, 커뮤니티 근접 생활편리",다원공인중개사사무소,월세,415,중,112.98,84.99,0,"100,000",200,2026-08-21
1500073914,41398750,"빠른입주, 협의가. 보증금 11억도 가능. 뻥뷰. 집보기 가능.",올림픽파크포레온 나이스 단지내 공인중개사사무소,월세,210,고,125.41,95.97,0,"100,000",280,2026-08-24
1500073914,41449199,34A. 채광깡패. 전세도 가능. 정상협의됩니다. 초중고품아확정,대일484-7474부동산공인중개사사무소,월세,310,중,112.69,84.99,0,"95,000",240,2026-08-25
1500073914,41449200,34 전망굿 입주일협의가능 집보기가능,대일484-7474부동산공인중개사사무소,월세,310,저,112.69,84.99,0,"95,000",240,2026-08-25
1500073914,41231041,"34A, 9호선지하철이용 편리 안정감있는 단지정원뷰 전세도가능",포레온행운(471-3999)공인중개사사무소,월세,310,중,112.69,84.99,0,"95,000",240,2026-08-18
1500073914,41449204,포레온18. 1퍼센트매물. 파노라마 올팍뷰. 여기가 찐. 12월말협의,대일484-7474부동산공인중개사사무소,전세,309,고,62.24,39.95,0,"90,000",0,2026-08-25
1500073914,41441869,34 버터떡조망 하이엔드스포츠컴플렉스 및 강동중앙도서관이용,올림픽파크포레온금탑공인중개사사무소,월세,303,고,194.95,84.99,0,"90,000",320,2026-08-25
1500073914,41417034,"34P 올림픽공원 영구 뷰   스카이라운지, 힐링센터, 게스트하우스 동",다원공인중개사사무소,월세,303,고,114.42,84.99,0,"90,000",320,2026-08-24
1500073914,41193632,34남향. 11월말12월초이사.뷰맛집. 학생자녀 키우기 딱인집입니다,대일484-7474부동산공인중개사사무소,월세,403,중,112.69,84.99,0,"90,000",260,2026-08-18
1500073914,41231037,18B타입 9호선이용편리 장기임대 융무 귀한전세,포레온행운(471-3999)공인중개사사무소,전세,321,중,62.39,39.98,0,"90,000",0,2026-08-19
1500073914,41353849,18 하이엔드주거생활 및 커뮤니티시설이용 워라벨아파트,올림픽파크포레온금탑공인중개사사무소,전세,309,고,100.10,39.95,0,"90,000",200,2026-08-22
1500073914,41358883,18A  포레온 1퍼센트 매물. 12월말협의  여기가 찐입니다 ,대일484-7474부동산공인중개사사무소,전세,319,고,62.24,39.95,0,"90,000",0,2026-08-22
1500073914,40736960,"34,집보고결정,장기거주, 파노라마뷰,양창 개방감",으뜸포레온공인중개사사무소,월세,303,중,114.42,84.99,0,"90,000",300,2026-08-04
1500073914,41173675,18 귀한B전세 강추. 장기거주. 방넓음. 남향. 9호선.상가 이용편리,THE포레온삼천사부동산중개법인(주),전세,321,중,100.29,39.98,0,"90,000",140,2026-08-18
1500073914,40986026,18 장기거주 9호선초역세권 뻥뷰 신혼부부강추,마음공인중개사사무소,전세,320,고,62.39,39.98,0,"90,000",0,2026-08-11
1500073914,40922865,"18p. 투룸, 넓은방, 트인뷰, 풀옵션, 장기거주가능",포레온(단지내)채움부동산공인중개사사무소,전세,321,고,62.39,39.98,0,"90,000",0,2026-08-10
1500073914,41443730,18B 하이엔드희소타입 초역세권 워라밸 뷰굿,올림픽파크포레온금탑공인중개사사무소,전세,321,고,100.29,39.98,0,"89,000",0,2026-08-25
1500073914,40513374,18 l A특급뷰 l 집보기 l 입주협의 l 역세권,윤포레온공인중개사사무소,전세,320,중,100.10,39.95,0,"88,000",0,2026-07-28
1500073914,40596195,"18. 장기. 9지하철,위례초, 상가 초근접 모두 이용편리",누리부동산공인중개사사무소 ,전세,320,중,62.24,39.95,0,"88,000",0,2026-07-30
1500073914,40585347,18전세 l 장기거주O 집보기O 입주협의O,윤포레온공인중개사사무소,전세,320,고,62.24,39.95,0,"88,000",0,2026-07-29
1500073914,41414496,로얄22p. 9호선연결동 수영장 사우나 골프 중석식 주 최고의아파트,로얄(02-470-0113)공인중개사사무소,전세,320,고,62.24,39.95,0,"85,000",0,2026-08-24
1500073914,41417027,"18p. 상가.9호선 초근접,  채광.통풍.장기거주가능. 반전세가능",다원공인중개사사무소,전세,320,고,62.39,39.98,0,"85,000",0,2026-08-24
1500073914,41417032,18p 귀한B타입 장기거주가능 보증금.월세조정가능,다원공인중개사사무소,전세,320,고,62.39,39.98,0,"85,000",0,2026-08-24
1500073914,41461400,"34F 남향, 장기. 보증금조정가능.하시입주.",포레온행운(471-3999)공인중개사사무소,월세,304,중,114.42,84.99,0,"85,000",320,2026-08-25
1500073914,41380968,18B. 귀한 B타입 장기전세. 금액조정가능. 젊은층 선호단지. 9호선,단지내승진포레온공인중개사사무소,전세,321,중,62.39,39.98,0,"85,000",0,2026-08-22
1500073914,40589102,18 귀한 전세강추. 장기거주 .풀옵션. 9호선초역세권. 상가이용편리,THE포레온삼천사부동산중개법인(주),전세,320,고,100.29,39.98,0,"85,000",20,2026-07-30
1500073914,40596159,시티18전세 장기거주 신혼부부추천 9호선초역세권 프리미엄아파트,시티472-1117공인중개사사무소,전세,320,고,62.24,39.95,0,"85,000",0,2026-07-30
1500073914,40559425,"조합전세, 입주일 하시 가능.오래 살수 있어요. 집보기 편해요",올림픽파크포레온 나이스 단지내 공인중개사사무소,전세,320,중,62.24,39.95,0,"85,000",0,2026-07-29
1500073914,40858584,18B타입 9호선이용편리 장기임대 융무 귀한전세,포레온행운(471-3999)공인중개사사무소,전세,320,중,62.39,39.98,0,"85,000",0,2026-08-07
1500073914,40765977,"18 투룸급전세강추.장기거주.9호선.올림픽공원 채광굿. 신혼,1인 추천.",THE포레온삼천사부동산중개법인(주),전세,309,고,100.10,39.95,0,"85,000",0,2026-08-05
1500073914,40766022,18전세강추.투룸.장기거주.남향.풀옵션. 9호선상가.,THE포레온삼천사부동산중개법인(주),전세,320,고,100.29,39.98,"175,000","85,000",80,2026-08-05
1500073914,40783846,"34F,입주날짜협의가능,다양한 생활편의시설이용가능",포레온행운(471-3999)공인중개사사무소,월세,303,중,114.42,84.99,0,"85,000",320,2026-08-05
1500073914,40922866,"18p. 투룸전세,  장기거주가능",포레온(단지내)채움부동산공인중개사사무소,전세,320,고,62.24,39.95,0,"85,000",0,2026-08-10
1500073914,40974133,"인기 평형18B. 장기거주,남향.조합매물,로얄층임. 로얄층.",올림픽파크포레온 나이스 단지내 공인중개사사무소,전세,320,고,62.39,39.98,0,"85,000",0,2026-08-11
1500073914,41056863,"34F,입주날짜협의가능,다양한 생활편의시설이용가능",포레온행운(471-3999)공인중개사사무소,월세,302,고,114.42,84.99,0,"85,000",320,2026-08-13
1500073914,41175691,18 하이엔드워라벨 주거생활 및 커뮤니티이용,올림픽파크포레온금탑공인중개사사무소,전세,318,저,100.10,39.95,0,"85,000",80,2026-08-18
1500073914,41099627,"18,집보고 결정, 신혼부부, 장기거주,입주협의,조합옵션",으뜸포레온공인중개사사무소,전세,320,고,62.39,39.98,0,"85,000",0,2026-08-14
1500073914,41099640,"18,장기, 바로진행,집보고 결정, 입주협의, 고급커뮤니티",으뜸포레온공인중개사사무소,전세,320,고,62.39,39.98,0,"85,000",0,2026-08-14
1500073914,41108878,"34F,입주날짜협의가능,다양한 생활편의시설이용가능",포레온행운(471-3999)공인중개사사무소,월세,302,고,114.42,84.99,0,"85,000",320,2026-08-14
1500073914,41067205,"18, 집보고 결정, 장기거주, 옵션 최상, 입주협의",으뜸포레온공인중개사사무소,전세,320,중,62.24,39.95,0,"85,000",0,2026-08-13
1500073914,41056872,"34F,입주날짜협의가능,다양한 생활편의시설이용가능",포레온행운(471-3999)공인중개사사무소,월세,302,중,114.42,84.99,0,"85,000",320,2026-08-12
1500073914,41091507,18. 장기거주. 초역세권. 신축커뮤니티의 결정판. 살기 진짜 편한동,홍익포레온475-8889(단지내)공인중개사사무소,전세,320,고,62.24,39.95,0,"85,000",0,2026-08-14
1500073914,41364456,시티 18전세 선호도높은타입 환상뷰 로얄층 장기거주가능,시티472-1117공인중개사사무소,전세,320,고,62.39,39.98,0,"85,000",0,2026-08-22
1500073914,41350884,"오늘 확인,임대인 확인.빠른입주 환영. 고층 뷰 좋고 햇살 밝은집.",올림픽파크포레온 나이스 단지내 공인중개사사무소,월세,302,고,114.42,84.99,0,"85,000",320,2026-08-21
1500073914,41266639,"34F 남향, 장기. 보증금조정가능.하시입주.",포레온행운(471-3999)공인중개사사무소,월세,304,고,114.42,84.99,0,"85,000",320,2026-08-20
1500073914,41231043,18B타입 9호선이용편리 장기임대 융무 귀한전세,포레온행운(471-3999)공인중개사사무소,전세,320,고,62.39,39.98,0,"84,000",0,2026-08-18
1500073914,41346708,18B타입 9호선이용편리 장기임대 융무 귀한전세,포레온행운(471-3999)공인중개사사무소,전세,320,고,62.39,39.98,0,"84,000",0,2026-08-21
1500073914,41362785,"18,장기, 바로진행, 집상태 굿, 입주11월",으뜸포레온공인중개사사무소,전세,320,중,62.39,39.98,0,"84,000",0,2026-08-22
1500073914,40885812,18B타입 9호선이용편리 장기임대 융무 귀한전세,포레온행운(471-3999)공인중개사사무소,전세,320,중,62.39,39.98,0,"84,000",0,2026-08-08
1500073914,40921353,로얄18. 9호선인근동 장기거주 신축커뮤니티 입주민 만족도최상,로얄(02-470-0113)공인중개사사무소,전세,319,중,100.10,39.95,0,"84,000",0,2026-08-10
1500073914,41480015,18.B 전세 l 9호선 l 장기거주 l 트인전망,윤포레온공인중개사사무소,전세,320,중,62.39,39.98,0,"83,000",0,2026-08-25
1500073914,41364455,시티 18전세 선호도높은타입 환상뷰 로얄층 장기거주가능,시티472-1117공인중개사사무소,전세,320,중,62.39,39.98,0,"83,000",0,2026-08-22
1500073914,41392425,"헤드, 34, 둔촌초, 옵션굿, 호텔급커뮤니티시설, 쾌적한단지",부동산헤드라인공인중개사사무소,월세,403,중,193.22,84.99,0,"80,000",280,2026-08-24
1500073914,41443999,34 하이엔드주거생활및스포츠컴플렉스 강동중앙도서관,올림픽파크포레온금탑공인중개사사무소,월세,403,중,193.22,84.99,0,"80,000",280,2026-08-25
1500073914,41449208,34A. 현재 저렴한 반전세. 내부인테리어 잘되었어요. 빠른연락요망,대일484-7474부동산공인중개사사무소,월세,403,중,112.69,84.99,0,"80,000",280,2026-08-25
1500073914,41449209,34P. 남향. 편안한정원뷰. 11월말12월초 가능합니다. 융자무,대일484-7474부동산공인중개사사무소,월세,403,중,112.98,84.99,0,"80,000",300,2026-08-25
1500073914,41450346,"오늘 확인,11월 중 입주 협의가. 중고층 뷰 좋고 햇살 밝은집.",올림픽파크포레온 나이스 단지내 공인중개사사무소,월세,403,고,112.69,84.99,0,"80,000",280,2026-08-25
1500073914,41375277,"헤드, 34, 판상형 남향, 해잘드는집, 최고급 커뮤니티",부동산헤드라인공인중개사사무소,월세,403,중,112.69,84.99,0,"80,000",280,2026-08-22
1500073914,41467015,"방4, 화2, 에3, 생활권 편리, 해 잘드는 집",부동산헤드라인공인중개사사무소,월세,403,중,112.69,84.99,0,"80,000",280,2026-08-25
1500073914,41441665,43 하이엔드주거생활 및 스포츠컴플렉스 커뮤니티시설이용굿,올림픽파크포레온금탑공인중개사사무소,월세,207,중,247.45,109.98,0,"80,000",460,2026-08-25
1500073914,41405286,43 남향. 보증금 조정가. 거주만족높은 단지. 최고급커뮤니티. 뻥뷰,단지내하나공인중개사사무소,월세,207,중,142.48,109.98,0,"80,000",460,2026-08-24
1500073914,41346711,,포레온행운(471-3999)공인중개사사무소,월세,207,중,142.48,109.98,0,"80,000",460,2026-08-21
1500073914,41253558,43.남향. 보증금5억6억7억도 가능.햇살가득.,금성484-4004(단지내30여년)포레온공인중개사사무소,월세,207,중,142.48,109.98,0,"80,000",460,2026-08-19
1500073914,41467000,"헤드, 34, 단기, 1년, 5호선, 메인상가인접, 최고급커뮤니티인접",부동산헤드라인공인중개사사무소,월세,110,중,112.69,84.99,0,"80,000",150,2026-08-25
1500073914,41326999,18초역세권 탁트인뷰 개방감 굿 신혼추천 주상가 인접 생활편리,친구(02-474-9696)공인중개사사무소,전세,102,고,62.39,39.98,0,"80,000",0,2026-08-21
1500073914,41414497,로얄18. 5호선인근동 뻥뷰 단기 신축커뮤니티 입주민 만족도최고,로얄(02-470-0113)공인중개사사무소,전세,103,고,62.24,39.95,0,"80,000",0,2026-08-24
1500073914,41467022,"헤드, 25, 9호선, 커뮤니티이용편리, 신혼부부추천",부동산헤드라인공인중개사사무소,월세,307,고,85.28,59.99,0,"80,000",180,2026-08-25
1500073914,41480515,"25, 바로진행, 10월 중순, 장기거주, 로얄동 로얄층",으뜸포레온공인중개사사무소,월세,307,고,142.12,59.99,"258,000","80,000",180,2026-08-26
1500073914,41467003,"헤드, 34, 로얄동, 해 잘드는집, 장기거주 가능",부동산헤드라인공인중개사사무소,월세,304,고,114.42,84.99,0,"80,000",320,2026-08-25
1500073914,41056862,"귀한25A, 장기거주.",포레온행운(471-3999)공인중개사사무소,월세,306,고,85.28,59.99,0,"80,000",180,2026-08-13
1500073914,41115570,"헤드, 34, 로얄동, 9호선, 위례초, 밝고깨끗한집, 호텔급커뮤니티",부동산헤드라인공인중개사사무소,월세,304,고,114.42,84.99,0,"80,000",320,2026-08-14
1500073914,41099635,"34,즉시 입주 가능, 장기거주, 집보고 결정. 바로진행",으뜸포레온공인중개사사무소,월세,303,중,114.42,84.99,0,"80,000",320,2026-08-14
1500073914,41467022,"헤드, 25, 9호선, 커뮤니티이용편리, 신혼부부추천",부동산헤드라인공인중개사사무소,월세,307,고,85.28,59.99,0,"80,000",180,2026-08-25
1500073914,41480515,"25, 바로진행, 10월 중순, 장기거주, 로얄동 로얄층",으뜸포레온공인중개사사무소,월세,307,고,142.12,59.99,"258,000","80,000",180,2026-08-26
1500073914,41467003,"헤드, 34, 로얄동, 해 잘드는집, 장기거주 가능",부동산헤드라인공인중개사사무소,월세,304,고,114.42,84.99,0,"80,000",320,2026-08-25
1500073914,41449205,25 보시면 바로계약. 올팍뷰 완전뻥뷰. 여기가 찐매물,대일484-7474부동산공인중개사사무소,월세,307,고,85.28,59.99,0,"80,000",180,2026-08-25
1500073914,41453685,"34,금일확인, 집보고 결정,보증금조율, 뻥뷰, 빠른입주",으뜸포레온공인중개사사무소,월세,301,고,114.42,84.99,0,"80,000",320,2026-08-25
1500073914,41449210,59.남향.최고레벨. 올팍뷰.장기거주 가능합니다. 10월중순경 협의,대일484-7474부동산공인중개사사무소,월세,307,고,85.28,59.99,0,"80,000",180,2026-08-25
1500073914,41422687,25.남향.트인뷰. 5억300 가능.,금성484-4004(단지내30여년)포레온공인중개사사무소,월세,307,고,85.28,59.99,0,"80,000",180,2026-08-24
1500073914,41449192,포레온 최상급 더이상말이 필요없는집. 정말 최상 완벽뷰,대일484-7474부동산공인중개사사무소,월세,301,중,114.42,84.99,0,"80,000",320,2026-08-25
1500073914,41392425,"헤드, 34, 둔촌초, 옵션굿, 호텔급커뮤니티시설, 쾌적한단지",부동산헤드라인공인중개사사무소,월세,403,중,193.22,84.99,0,"80,000",280,2026-08-24
1500073914,41443999,34 하이엔드주거생활및스포츠컴플렉스 강동중앙도서관,올림픽파크포레온금탑공인중개사사무소,월세,403,중,193.22,84.99,0,"80,000",280,2026-08-25
1500073914,41449208,34A. 현재 저렴한 반전세. 내부인테리어 잘되었어요. 빠른연락요망,대일484-7474부동산공인중개사사무소,월세,403,중,112.69,84.99,0,"80,000",280,2026-08-25
1500073914,41449209,34P. 남향. 편안한정원뷰. 11월말12월초 가능합니다. 융자무,대일484-7474부동산공인중개사사무소,월세,403,중,112.98,84.99,0,"80,000",300,2026-08-25
1500073914,41450346,"오늘 확인,11월 중 입주 협의가. 중고층 뷰 좋고 햇살 밝은집.",올림픽파크포레온 나이스 단지내 공인중개사사무소,월세,403,고,112.69,84.99,0,"80,000",280,2026-08-25
1500073914,41375277,"헤드, 34, 판상형 남향, 해잘드는집, 최고급 커뮤니티",부동산헤드라인공인중개사사무소,월세,403,중,112.69,84.99,0,"80,000",280,2026-08-22
1500073914,41467015,"방4, 화2, 에3, 생활권 편리, 해 잘드는 집",부동산헤드라인공인중개사사무소,월세,403,중,112.69,84.99,0,"80,000",280,2026-08-25
1500073914,41441665,43 하이엔드주거생활 및 스포츠컴플렉스 커뮤니티시설이용굿,올림픽파크포레온금탑공인중개사사무소,월세,207,중,247.45,109.98,0,"80,000",460,2026-08-25
1500073914,41405286,43 남향. 보증금 조정가. 거주만족높은 단지. 최고급커뮤니티. 뻥뷰,단지내하나공인중개사사무소,월세,207,중,142.48,109.98,0,"80,000",460,2026-08-24
1500073914,40885805,"귀한25A, 장기거주.보증금조정가능.",포레온행운(471-3999)공인중개사사무소,월세,306,고,85.28,59.99,0,"80,000",180,2026-08-08
1500073914,40927263,"귀한25A, 장기거주.보증금 조정가능5억300,집보기예약",포레온행운(471-3999)공인중개사사무소,월세,306,고,85.28,59.99,0,"80,000",180,2026-08-10
1500073914,41056862,"귀한25A, 장기거주.",포레온행운(471-3999)공인중개사사무소,월세,306,고,85.28,59.99,0,"80,000",180,2026-08-13
1500073914,41115570,"헤드, 34, 로얄동, 9호선, 위례초, 밝고깨끗한집, 호텔급커뮤니티",부동산헤드라인공인중개사사무소,월세,304,고,114.42,84.99,0,"80,000",320,2026-08-14
1500073914,41099635,"34,즉시 입주 가능, 장기거주, 집보고 결정. 바로진행",으뜸포레온공인중개사사무소,월세,303,중,114.42,84.99,0,"80,000",320,2026-08-14
1500073914,41417028,22p. 커뮤니티근접 생활편리   단기거주 협의,다원공인중개사사무소,전세,309,고,75.90,49.95,0,"75,000",0,2026-08-24
1500073914,41461404,"22. 경제적인 보증금, 단기임대 ,",포레온행운(471-3999)공인중개사사무소,전세,308,저,75.90,49.95,0,"75,000",0,2026-08-25
1500073914,41417030,18P 1년 단기거주 조망 채광 좋은 거주지 둔촌역 메인상가 초근접,다원공인중개사사무소,전세,103,고,62.24,39.95,0,"75,000",0,2026-08-24
1500073914,41414495,로얄22p. 인테리어된집 단기 뻥뷰 최신커뮤니티이용 주차좋음,로얄(02-470-0113)공인중개사사무소,전세,103,고,75.90,49.95,0,"75,000",0,2026-08-24
1500073914,41358784,18 초역세권  탁트인뷰 개방감굿 주상가인접 생활편리,친구(02-474-9696)공인중개사사무소,전세,103,고,62.39,39.98,0,"75,000",0,2026-08-22
1500073914,40589139,18 1단지 착한전세. 신혼강추. 뻥뷰. 채광굿. 1년단기,THE포레온삼천사부동산중개법인(주),전세,102,중,100.10,39.95,0,"75,000",0,2026-07-30
1500073914,40469304,"18 전세강추. 트인뷰. 단기. 채광굿. 5호선,상가 이용편리.",THE포레온삼천사부동산중개법인(주),전세,103,중,100.10,39.95,0,"75,000",100,2026-07-27
1500073914,40554404,18전세. 단기. 반전세도가능.초역세권. 전망굿.채광굿.  입주협의,THE포레온삼천사부동산중개법인(주),전세,103,중,100.10,39.95,0,"75,000",120,2026-07-29
1500073914,41370053,"22. 경제적인 보증금, 단기임대 ,",포레온행운(471-3999)공인중개사사무소,전세,308,저,75.90,49.95,0,"75,000",0,2026-08-22
1500073914,41364457,시티 22 단기전세 9호선근접 트인뷰,시티472-1117공인중개사사무소,전세,309,저,75.90,49.95,0,"75,000",0,2026-08-22
1500073914,41348906,18단기 l 집보기 가능 l 뻥뷰 l 5호선,윤포레온공인중개사사무소,전세,103,중,62.24,39.95,0,"73,000",0,2026-08-21
1500073914,41467042,43.뻥뷰.남향. 판상형. 보증금 조정 가능,금성484-4004(단지내30여년)포레온공인중개사사무소,월세,207,중,142.48,109.98,0,"70,000",500,2026-08-25
1500073914,41449207,,대일484-7474부동산공인중개사사무소,월세,402,중,112.69,84.99,0,"70,000",320,2026-08-25
1500073914,41362780,"18,찐매물,집보고 결정,단기, 11월초, 공동환영",으뜸포레온공인중개사사무소,전세,103,고,62.24,39.95,0,"70,000",0,2026-08-22
1500073914,41272246,18.단기 초역세권. 저렴한 추천매물,홍익포레온475-8889(단지내)공인중개사사무소,전세,103,중,0.00,39.95,0,"70,000",0,2026-08-20
1500073914,41235577,18.단기 l 입주협의 l 트인전망 햇살가득한 집,윤포레온공인중개사사무소,전세,103,중,62.24,39.95,0,"70,000",0,2026-08-18
1500073914,41235578,18.단기 l 빠른입주 l 사이다뷰 l 집보고 결정하세요,윤포레온공인중개사사무소,월세,103,중,62.24,39.95,0,"70,000",20,2026-08-18
1500073914,40885811,"22,  5호선이용편리 ,재래시장이용편리.단기임대,",포레온행운(471-3999)공인중개사사무소,전세,102,고,75.90,49.95,0,"70,000",0,2026-08-08
1500073914,40924081,"22. 10월30일 단기1년, 남향",홍익포레온475-8889(단지내)공인중개사사무소,전세,102,중,75.90,49.95,0,"70,000",0,2026-08-10
1500073914,41398659,"18p. 단기1년, 11월입주,  트인뷰",포레온(단지내)채움부동산공인중개사사무소,전세,102,중,62.24,39.95,0,"70,000",0,2026-08-24
1500073914,41480011,22 l 단기1년 l 집보기 가능,윤포레온공인중개사사무소,전세,102,저,75.90,49.95,0,"70,000",0,2026-08-25
1500073914,41053029,"로얄34p. 방4 일자산조망 귀한월세 조중식 사우나 5호선,상가용이",로얄(02-470-0113)공인중개사사무소,월세,120,고,113.28,84.99,0,"70,000",320,2026-08-13
1500073914,41348908,윤.43 l 집보고결정O 장기거주O 보증금조정O,윤포레온공인중개사사무소,월세,205,중,142.48,109.98,0,"70,000",500,2026-08-21
1500073914,41467042,43.뻥뷰.남향. 판상형. 보증금 조정 가능,금성484-4004(단지내30여년)포레온공인중개사사무소,월세,207,중,142.48,109.98,0,"70,000",500,2026-08-25
1500073914,41449207,,대일484-7474부동산공인중개사사무소,월세,402,중,112.69,84.99,0,"70,000",320,2026-08-25
1500073914,41074767,22. 단기. 9월초부터 바로입주가능  더블역세권,홍익포레온475-8889(단지내)공인중개사사무소,전세,309,저,75.90,49.95,0,"70,000",0,2026-08-13
1500073914,41017422,"22, 단기, 10월협의 , 집보고 결정, 채광굿",으뜸포레온공인중개사사무소,전세,305,중,75.90,49.95,0,"70,000",0,2026-08-12
1500073914,40554769,"22, 단기 전세, 남향,방2,넓은거실,18타입보다 더 큰집 입주일협의",올림픽파크포레온 나이스 단지내 공인중개사사무소,전세,305,중,123.23,49.95,0,"70,000",0,2026-07-29
1500073914,41467001,"헤드, 25, 장기거주가, 남향, 신혼부부추천, 최고급커뮤니티시설인접",부동산헤드라인공인중개사사무소,월세,418,고,85.28,59.99,0,"65,000",240,2026-08-25
1500073914,41231044,,포레온행운(471-3999)공인중개사사무소,월세,207,중,142.48,109.98,0,"60,000",540,2026-08-18
1500073914,41393154,"헤드, 43, 위례초, 인접커뮤니티, 옵션굿, 풀에, 더블역세권",부동산헤드라인공인중개사사무소,월세,207,중,0.00,109.98,0,"60,000",540,2026-08-24
1500073914,41375288,"헤드, 43, 위례초, 인접커뮤니티, 옵션굿, 풀에",부동산헤드라인공인중개사사무소,월세,207,중,142.48,109.98,0,"60,000",540,2026-08-22
1500073914,41091500,34. 역세권. 시원한뷰. 최고 커뮤니티. 신축 편리함을 즐기세요,홍익포레온475-8889(단지내)공인중개사사무소,월세,120,중,113.28,84.99,0,"60,000",320,2026-08-14
1500073914,41400655,22 l 단기 1년 살아보기 l 집보고 결정,윤포레온공인중개사사무소,월세,104,저,75.90,49.95,0,"60,000",40,2026-08-24
1500073914,41400661,윤.34 l 집보고결정O 장기거주O 보증금조정O,윤포레온공인중개사사무소,월세,120,중,113.28,84.99,0,"60,000",360,2026-08-24
1500073914,41467011,"헤드, 43, 장기거주가, 최고급커뮤니티, 수영장, 헬스장, 사우나",부동산헤드라인공인중개사사무소,월세,207,중,142.48,109.98,0,"60,000",540,2026-08-25
1500073914,41461403,"22. 생활편의시설이용좋아요.  단기임대 ,",포레온행운(471-3999)공인중개사사무소,월세,308,저,75.90,49.95,0,"60,000",40,2026-08-25
1500073914,41453684,"18, 바로 진행, 장기,트인뷰 , 융무,집상태 최고",으뜸포레온공인중개사사무소,월세,308,고,62.24,39.95,0,"60,000",100,2026-08-25
1500073914,41434875,"18, 바로 진행, 장기거주,롯데타워뷰, 융무",으뜸포레온공인중개사사무소,월세,308,중,100.10,39.95,0,"60,000",100,2026-08-25
1500073914,41402999,,포레온행운(471-3999)공인중개사사무소,전세,319,고,46.21,29.97,0,"60,000",0,2026-08-24
1500073914,41403000,"22. 생활편의시설이용좋아요.  단기임대 ,",포레온행운(471-3999)공인중개사사무소,월세,308,저,75.90,49.95,0,"60,000",40,2026-08-24
1500073914,41446357,"14,장기, 바로 진행, 융무, 원룸, 트인뷰, 베란다0",으뜸포레온공인중개사사무소,전세,319,고,100.10,29.97,0,"60,000",40,2026-08-25
1500073914,41446890,18. 장기거주. 환상적인 올공뷰. 11월중협의,홍익포레온475-8889(단지내)공인중개사사무소,월세,309,고,62.24,39.95,0,"60,000",110,2026-08-25
1500073914,41446892,14. 장기거주. 빠른입주가능 시원한뷰. 1인가구추천,홍익포레온475-8889(단지내)공인중개사사무소,전세,319,고,46.21,29.97,0,"60,000",0,2026-08-25
1500073914,41446118,"22,단기,융무, 바로진행, 집보기 예약가,넓은거실",으뜸포레온공인중개사사무소,월세,319,저,123.23,49.95,0,"60,000",40,2026-08-25
1500073914,41443623,14 장기거주 워라벨 하이엔드 커뮤니티시설,올림픽파크포레온금탑공인중개사사무소,전세,318,고,74.61,29.97,0,"60,000",0,2026-08-25
1500073914,41014146,"장기거주,뻥뷰.조합매물,12월입주가.현재 최적의 매물임.오늘 확인.",올림픽파크포레온 나이스 단지내 공인중개사사무소,월세,318,고,62.24,39.95,0,"60,000",100,2026-08-12
1500073914,41370052,"22. 생활편의시설이용좋아요.  단기임대 ,",포레온행운(471-3999)공인중개사사무소,월세,308,저,75.90,49.95,0,"60,000",40,2026-08-22
1500073914,41370058,,포레온행운(471-3999)공인중개사사무소,전세,319,고,46.21,29.97,0,"60,000",0,2026-08-22
1500073914,41375275,"헤드, 22, 1년단기, 남향, 신혼부부추천, 9호선",부동산헤드라인공인중개사사무소,월세,308,저,75.90,49.95,0,"60,000",40,2026-08-22
1500073914,41399626,14. 현시세 최저가.  초역세권. 집보기 가능. 추천매물,홍익포레온475-8889(단지내)공인중개사사무소,전세,318,고,46.21,29.97,0,"60,000",0,2026-08-24
1500073914,41399779,"22,단기, 일단 살아보고 결정, 집보기 예약 가능, 바로진행",으뜸포레온공인중개사사무소,월세,305,저,75.90,49.95,0,"60,000",40,2026-08-24
1500073914,41400662,18 l 장기거주 l 집보고 결정하세요,윤포레온공인중개사사무소,월세,319,저,62.24,39.95,0,"60,000",100,2026-08-24
1500073914,41346719,,포레온행운(471-3999)공인중개사사무소,전세,319,고,46.21,29.97,0,"60,000",0,2026-08-21
1500073914,40514672,"18 조합. 장기거주. 남향. 9호선,상가이용편리.",THE포레온삼천사부동산중개법인(주),월세,320,고,100.10,39.95,"190,000","57,000",120,2026-07-28
1500073914,40514672,"18 조합. 장기거주. 남향. 9호선,상가이용편리.",THE포레온삼천사부동산중개법인(주),월세,320,고,100.10,39.95,"190,000","57,000",120,2026-07-28
1500073914,41417035,18p.조합매물 채광.통풍조망굿. 9호선초근접.신혼부부추천,다원공인중개사사무소,월세,320,중,62.24,39.95,0,"57,000",120,2026-08-24
1500073914,41346712,"18, 9호선이용편리 장기임대  융무",포레온행운(471-3999)공인중개사사무소,월세,320,중,62.24,39.95,0,"57,000",120,2026-08-21
1500073914,41354027,18 하이엔드주거생활및커뮤니티시설이용,올림픽파크포레온금탑공인중개사사무소,월세,320,중,100.10,39.95,0,"57,000",120,2026-08-22
1500073914,41237743,18. 장기거주. 초역세권.늦은입주. 시원한뷰,홍익포레온475-8889(단지내)공인중개사사무소,월세,318,중,62.24,39.95,0,"57,000",120,2026-08-19
1500073914,41237277,"18,집보고 결정, 바로진행, 장기,집 상태 최고",으뜸포레온공인중개사사무소,월세,320,중,62.24,39.95,0,"57,000",120,2026-08-19
1500073914,41231051,"18, 9호선이용편리 장기임대  융무",포레온행운(471-3999)공인중개사사무소,월세,320,중,62.24,39.95,0,"57,000",120,2026-08-18
1500073914,41231032,"18, 9호선이용편리 장기임대  융무",포레온행운(471-3999)공인중개사사무소,월세,320,중,62.24,39.95,0,"57,000",120,2026-08-19
1500073914,41045167,"18p. 방2,화1, 장기거주가능, 융자무, 11월입주",포레온(단지내)채움부동산공인중개사사무소,월세,320,중,62.24,39.95,0,"57,000",120,2026-08-13
1500073914,40927262,"18, 9호선이용편리 장기임대  융무",포레온행운(471-3999)공인중개사사무소,월세,320,중,62.24,39.95,0,"57,000",120,2026-08-10
1500073914,41174071,"찐매물,장기거주,남향 뻥뷰.조합매물,로얄층임. 로얄층.",올림픽파크포레온 나이스 단지내 공인중개사사무소,월세,320,중,100.10,39.95,0,"57,000",120,2026-08-18
1500073914,40554776,"장기 반전세, 초역세권.상권 좋고 공기 좋은 고층 채광좋은집.",올림픽파크포레온 나이스 단지내 공인중개사사무소,월세,318,고,100.10,39.95,0,"57,000",120,2026-07-29
1500073914,40590587,"18 조합. 장기거주. 남향. 9호선,상가이용편리. 늦은입주",THE포레온삼천사부동산중개법인(주),월세,320,중,100.10,39.95,"190,000","57,000",120,2026-07-30
1500073914,40657883,"18, 9호선이용편리 장기임대  융무",포레온행운(471-3999)공인중개사사무소,월세,320,중,62.24,39.95,0,"57,000",120,2026-07-31
1500073914,40885804,"18, 9호선이용편리 장기임대  융무",포레온행운(471-3999)공인중개사사무소,월세,320,중,62.24,39.95,0,"57,000",120,2026-08-08
1500073914,40766035,"18 조합. 장기거주. 남향. 9호선,상가이용편리. 늦은입주",THE포레온삼천사부동산중개법인(주),월세,320,고,100.10,39.95,"190,000","57,000",120,2026-08-05
1500073914,41356677,22.단기. 남향 초역세권. 신혼부부 딱좋은 매물,홍익포레온475-8889(단지내)공인중개사사무소,월세,318,중,75.90,49.95,0,"55,000",60,2026-08-22
1500073914,41380972,18A. 승진추천. 귀한 단기 월세. 젊은층 선호단지. 9호선 역세권,단지내승진포레온공인중개사사무소,월세,318,고,62.24,39.95,0,"52,000",120,2026-08-22
1500073914,41450349,"nice.바로입주,주인이사하게 되어 장기거주가 롯데타워뷰.입주일",올림픽파크포레온 나이스 단지내 공인중개사사무소,월세,201,고,62.24,39.95,0,"50,000",140,2026-08-25
1500073914,41453063,,포레온안국부동산공인중개사사무소,월세,201,중,62.24,39.95,0,"50,000",140,2026-08-25
1500073914,41399627,18. 단기. 시원한뷰. 입주협의,홍익포레온475-8889(단지내)공인중개사사무소,월세,201,중,62.24,39.95,0,"50,000",80,2026-08-24
1500073914,41400654,18단기 l 늦은 입주  l 단기1년 살아보기,윤포레온공인중개사사무소,월세,201,중,62.24,39.95,0,"50,000",60,2026-08-24
1500073914,41235560,18단기 l 저렴한 월세 l 단기1년 살아보기,윤포레온공인중개사사무소,월세,201,중,62.24,39.95,0,"50,000",70,2026-08-19
1500073914,41118981,,포레온9프라임부동산중개사무소,월세,120,고,113.28,84.99,0,"50,000",400,2026-08-14
1500073914,40927264,34 시원한전망 5호선지하철 상가 이용편리한동 입주날짜협의가능,포레온행운(471-3999)공인중개사사무소,월세,118,중,113.28,84.99,0,"50,000",360,2026-08-10
1500073914,41045165,"34p. 방3 화2, 탁트인뷰, 10월입주협의",포레온(단지내)채움부동산공인중개사사무소,월세,118,중,112.98,84.99,0,"50,000",360,2026-08-13
1500073914,41085795,34 추천. 집보기가능. 주거만족 최상.  뻥뷰. 채광 굿..,단지내하나공인중개사사무소,월세,118,고,193.81,84.99,0,"50,000",400,2026-08-14
1500073914,41239749,"10월 입주 협의가능, 보증금 5억 6억 가능. 뻥뷰. 집보기 가능.",올림픽파크포레온 나이스 단지내 공인중개사사무소,월세,118,중,113.28,84.99,0,"50,000",360,2026-08-18
1500073914,41480507,"18,단기, 바로 진행, 융무, 5호선 초역세권",으뜸포레온공인중개사사무소,월세,102,고,100.10,39.95,0,"50,000",40,2026-08-26
1500073914,40974056,"18p. 단기1년, 11월입주,  트인뷰, 전세7.5억 가능",포레온(단지내)채움부동산공인중개사사무소,월세,102,중,62.24,39.95,0,"50,000",100,2026-08-11
1500073914,41067207,"18, 집보고 결정, 집상태 최상, 5호선 상가, 단기",으뜸포레온공인중개사사무소,월세,102,고,62.24,39.95,0,"50,000",80,2026-08-13
1500073914,41237284,"18, 바로 진행, 집보고 결정,집상태 최상,11월 협의",으뜸포레온공인중개사사무소,월세,102,고,62.24,39.95,0,"50,000",80,2026-08-18
1500073914,41235561,18.단기O 11월입주O 트인뷰O 살아보기,윤포레온공인중개사사무소,월세,103,중,62.24,39.95,0,"50,000",80,2026-08-19
1500073914,40554410,18 반전세. 단기. 전세도가능.초역세권. 전망굿.채광굿.  입주협의,THE포레온삼천사부동산중개법인(주),월세,103,고,100.10,39.95,0,"50,000",120,2026-07-29
1500073914,40774697,"18.5호선초역세권.카페테리아,커뮤니티 바로 앞.단기1년",단지내승진포레온공인중개사사무소,월세,103,고,62.24,39.95,0,"50,000",80,2026-08-05
1500073914,41239951,"18p. 단기1년, 11월이후 입주가능, 전세로도 가능, 집보기가능",포레온(단지내)채움부동산공인중개사사무소,월세,103,고,62.24,39.95,0,"50,000",80,2026-08-18
1500073914,41269136,"18, 단기, 바로진행 ,공동환영,트인뷰",으뜸포레온공인중개사사무소,월세,103,고,62.24,39.95,0,"50,000",80,2026-08-20
1500073914,41362784,"18, 단기, 추천, 집보고 결정, 바로진행 ,공동환영",으뜸포레온공인중개사사무소,월세,103,고,62.24,39.95,0,"50,000",80,2026-08-22
1500073914,41396449,18. 1년단기. 초초역세권. 스테이션5상가이용편리.,단지내하나공인중개사사무소,월세,103,중,100.10,39.95,0,"50,000",80,2026-08-24
1500073914,41398660,"18p. 단기1년, 11월이후 입주가능, 전세로도 가능, 집보기가능",포레온(단지내)채움부동산공인중개사사무소,월세,103,고,62.24,39.95,0,"50,000",80,2026-08-24
1500073914,41380973,18A. 승진추천. 귀한 단기 월세. 입주협의. 상가이용편리.5호역세권,단지내승진포레온공인중개사사무소,월세,104,중,62.24,39.95,0,"50,000",100,2026-08-22
1500073914,41480021,,윤포레온공인중개사사무소,월세,207,중,142.48,109.98,0,"50,000",580,2026-08-25
1500073914,41398661,"25p. 강추 찐매물, 탁트인뷰대박, 보증금 8억가능, 남향",포레온(단지내)채움부동산공인중개사사무소,월세,307,고,85.28,59.99,0,"50,000",300,2026-08-24
1500073914,41346716,"귀한25A, 장기거주.",포레온행운(471-3999)공인중개사사무소,월세,306,고,85.41,59.96,0,"50,000",300,2026-08-21
1500073914,41231049,"귀한25A, 장기거주.보증금 조정가능8억180,집보기예약",포레온행운(471-3999)공인중개사사무소,월세,306,고,85.28,59.99,0,"50,000",300,2026-08-18
1500073914,41241346,"22,단기, 집상태 굿, 바로진행, 융무",으뜸포레온공인중개사사무소,월세,309,중,123.23,49.95,0,"50,000",80,2026-08-20
1500073914,40765357,"찐매물,장기거주,남향 뻥뷰.조합매물,로얄층임. 로얄층.",올림픽파크포레온 나이스 단지내 공인중개사사무소,월세,318,중,100.10,39.95,0,"50,000",140,2026-08-05
1500073914,40858585,"귀한25A, 장기거주.집보기예약",포레온행운(471-3999)공인중개사사무소,월세,306,고,85.28,59.99,0,"50,000",300,2026-08-07
1500073914,41091513,18. 장기거주. 초역세권. 보증금6억 가능. 늦은입주,홍익포레온475-8889(단지내)공인중개사사무소,월세,318,중,62.24,39.95,0,"50,000",100,2026-08-14
1500073914,41056871,"귀한25A, 장기거주.",포레온행운(471-3999)공인중개사사무소,월세,306,고,85.41,59.96,0,"50,000",300,2026-08-12
1500073914,40924073,25. 귀한 월세 역세권. 귀한 매물 찾아드려요,홍익포레온475-8889(단지내)공인중개사사무소,월세,306,중,85.28,59.99,0,"50,000",300,2026-08-10
1500073914,41480531,"18,집보고 결정,트인뷰, 장기거주,보증금조절가능",으뜸포레온공인중개사사무소,월세,319,저,100.10,39.95,0,"48,000",150,2026-08-26
1500073914,41349750,"18,빠른입주, 장기, 상가 지하철 지하연결, 집보기 가능",으뜸포레온공인중개사사무소,월세,320,중,62.24,39.95,0,"48,000",150,2026-08-21
1500073914,41356679,18. 장기거주. 빠른입주 가능. 남향 초역세권,홍익포레온475-8889(단지내)공인중개사사무소,월세,320,고,62.24,39.95,0,"48,000",150,2026-08-22
1500073914,41388536,"18,집보고 결정,입주 9월말, 장기거주",으뜸포레온공인중개사사무소,월세,320,중,100.10,39.95,0,"48,000",150,2026-08-24
1500073914,40589114,18 귀한반전세. 롯데타워뷰. 채광굿. 장기거주.수영장. 신혼.1인 강추,THE포레온삼천사부동산중개법인(주),월세,201,중,100.10,39.95,0,"45,000",165,2026-07-30
1500073914,41179310,남향.빠른입주도가능.장기거주.공동커뮤니티 가까운 로얄동.로얄층,올림픽파크포레온 나이스 단지내 공인중개사사무소,월세,201,고,100.10,39.95,0,"45,000",165,2026-08-18
1500073914,41088006,18 귀한반전세. 롯데타워뷰. 채광굿. 도서관.수영장. 신혼.1인 강추,THE포레온삼천사부동산중개법인(주),월세,201,중,100.10,39.95,0,"45,000",165,2026-08-14
1500073914,41399622,18. 장기거주. 입주협의가능. 보증금 조정가능,홍익포레온475-8889(단지내)공인중개사사무소,월세,201,고,62.24,39.95,0,"45,000",165,2026-08-24
1500073914,41450350,"nice.바로입주,주인이사하게 되어 장기거주가 롯데타워뷰.입주일",올림픽파크포레온 나이스 단지내 공인중개사사무소,월세,201,중,62.24,39.95,0,"45,000",160,2026-08-25
1500073914,41453683,"18,빠른입주, 장기, 바로진행, 9호선 상가 바로미터, 초역세권",으뜸포레온공인중개사사무소,월세,320,중,62.24,39.95,0,"45,000",150,2026-08-25
1500073914,41481488,18 장기거주 신혼부부강추 워라벨 하이엔드 커뮤니티시설,올림픽파크포레온금탑공인중개사사무소,월세,201,저,100.10,39.95,0,"40,000",180,2026-08-26
1500073914,41112370,18p. 단기거주조건. 입주협의.  조용하고 아늑한  조망좋은 거주지,다원공인중개사사무소,월세,201,중,62.24,39.95,0,"40,000",160,2026-08-14
1500073914,40774698,"18.중앙도서관 바로옆.수영장,커뮤니티 바로 앞.단기1년",단지내승진포레온공인중개사사무소,월세,201,중,62.24,39.95,0,"40,000",130,2026-08-05
1500073914,40579507,18A. 귀한 소형 평수로 단기 월세. 단지 중앙으로 더블역세권. 공원옆,단지내승진포레온공인중개사사무소,월세,201,중,62.39,39.98,0,"40,000",130,2026-07-29
1500073914,41453679,"18, 바로진행, 집보고 결정, 집상태 최상, 5호선 상가, 단기",으뜸포레온공인중개사사무소,월세,104,중,62.24,39.95,0,"40,000",80,2026-08-25
1500073914,41414484,로얄14. 고층뻥뷰 장기거주가능 주차 커뮤니티 만족도최상 9호선인접,로얄(02-470-0113)공인중개사사무소,월세,318,25,46.21,29.97,0,"40,000",80,2026-08-24
1500073914,41053030,로얄18p. 9호선연결동 수영장 사우나 골프 중석식 주거만족도최상,로얄(02-470-0113)공인중개사사무소,월세,321,고,62.24,39.95,0,"40,000",200,2026-08-13
1500073914,41414485,로얄14. 고층뻥뷰 장기거주가능 주차 커뮤니티 만족도최상 9호선인접,로얄(02-470-0113)공인중개사사무소,월세,318,고,46.21,29.97,0,"35,000",100,2026-08-24
1500073914,41414492,로얄14. 고층뻥뷰 장기거주가능 주차 커뮤니티 만족도최상 9호선인접,로얄(02-470-0113)공인중개사사무소,월세,319,고,46.21,29.97,0,"35,000",100,2026-08-24
1500073914,41450352,"집보기가 .즉시입주 협의가,주인댁,영구 뻥조망 굿.아침햇살 좋은 집.",올림픽파크포레온 나이스 단지내 공인중개사사무소,월세,318,중,46.21,29.97,0,"35,000",100,2026-08-25
1500073914,41450354,"바로입주가. 조합전세,장기거주,남향.빠른 입주도 환영, 입주일 협의가",올림픽파크포레온 나이스 단지내 공인중개사사무소,월세,320,고,62.24,39.95,0,"35,000",200,2026-08-25
1500073914,41449206,18A 정상협의입주  주인.의뢰  9호선초역세권  신혼부부,대일484-7474부동산공인중개사사무소,월세,318,중,62.24,39.95,0,"35,000",200,2026-08-25
1500073914,41449201,18 찐매물 빠른입주가능 뻥뷰 보증금조정가능,대일484-7474부동산공인중개사사무소,월세,318,고,62.24,39.95,0,"35,000",200,2026-08-25
1500073914,41094257,18 찐매물 9호선역세권 시원한뷰,대일484-7474부동산공인중개사사무소,월세,319,고,62.24,39.95,0,"35,000",200,2026-08-14
1500073914,41172901,"집보기가 .즉시입주 협의가,주인댁,영구 뻥조망 굿.아침햇살 좋은 집.",올림픽파크포레온 나이스 단지내 공인중개사사무소,월세,318,중,74.61,29.97,0,"35,000",100,2026-08-18
1500073914,41226495,시티 14월세 뷰맛집 로얄층 9호선초역세권 대규모커뮤니티이용,시티472-1117공인중개사사무소,월세,318,고,46.21,29.97,0,"35,000",100,2026-08-19
1500073914,40596160,시티 14월세 완전뻥뷰 9호선역세권 대단지커뮤니티 입주민거주만족아파트,시티472-1117공인중개사사무소,월세,318,고,46.21,29.97,0,"35,000",100,2026-07-30
1500073914,41392446,"헤드, 14, 원룸, 1인가구추천, 뻥뷰, 굿커뮤니티, 9호선",부동산헤드라인공인중개사사무소,월세,318,중,74.61,29.97,0,"35,000",100,2026-08-24
1500073914,41310550,"집보기가 .즉시입주 협의가,주인댁,영구 뻥조망 굿.아침햇살 좋은 집.",올림픽파크포레온 나이스 단지내 공인중개사사무소,월세,318,고,74.61,29.97,0,"35,000",100,2026-08-21
1500073914,41273920,"집보기가 .즉시입주 협의가,주인댁,영구 뻥조망 굿.아침햇살 좋은 집.",올림픽파크포레온 나이스 단지내 공인중개사사무소,월세,318,고,46.21,29.97,0,"35,000",100,2026-08-20
1500073914,41258856,,포레온안국부동산공인중개사사무소,월세,318,고,46.21,29.97,0,"35,000",100,2026-08-19
1500073914,40698595,18 주인직접 확실진행. 귀한 반전세 판상형 선호구조. 5호선 지하철 인,명성공인중개사사무소,월세,201,중,0.00,39.95,0,"30,000",240,2026-08-03
1500073914,41045168,"18p. 장기거주, 입주협의, 에어컨풀",포레온(단지내)채움부동산공인중개사사무소,월세,201,중,62.24,39.95,0,"30,000",240,2026-08-13
1500073914,40887478,시티 18월세 완전뻥뷰 대단지 커뮤니티 입주민 거주만족아파트,시티472-1117공인중개사사무소,월세,201,저,62.24,39.95,0,"30,000",240,2026-08-08
1500073914,40929769,시티 18월세 환상뷰 로얄층 스포츠컴플렉스근접동 더블역세권,시티472-1117공인중개사사무소,월세,201,중,62.24,39.95,0,"30,000",240,2026-08-10
1500073914,41481474,18 장기거주 하이엔드스포츠컴플렉스 및 강동중앙도서관이용,올림픽파크포레온금탑공인중개사사무소,월세,201,중,100.10,39.95,0,"30,000",240,2026-08-26
1500073914,41261649,,성심포레온(483-0070)단지내공인중개사사무소,월세,201,중,62.24,39.95,0,"30,000",240,2026-08-19
1500073914,41265316,18.장기거주가능.풀에어컨.입주협의가능,성심포레온(483-0070)단지내공인중개사사무소,월세,201,중,100.10,39.95,0,"30,000",240,2026-08-20
1500073914,41449202,14p. 혼자살기 딱. 초역세권 출퇴근이 30분 빠른집. 신혼부부 굿,대일484-7474부동산공인중개사사무소,월세,318,고,46.21,29.97,0,"30,000",120,2026-08-25
1500073914,41467002,"헤드, 22, 옵션굿, 장기거주가, 9호선, 최고급커뮤니티",부동산헤드라인공인중개사사무소,월세,308,고,75.90,49.95,0,"30,000",280,2026-08-25
1500073914,41480012,22 l 장기거주 추천 l 소액보증금 l 옵션가득 l 신혼부부,윤포레온공인중개사사무소,월세,308,중,75.90,49.95,0,"30,000",260,2026-08-25
1500073914,41417033,18P  귀한남향매물  9호선.상가 초근접 생활편리 장기거주 가능.,다원공인중개사사무소,월세,320,고,62.24,39.95,0,"30,000",240,2026-08-24
1500073914,41443686,22 워라벨 하이엔드 커뮤니티시설및스포츠컴플렉스 이용굿,올림픽파크포레온금탑공인중개사사무소,월세,319,중,123.23,49.95,0,"30,000",280,2026-08-25
1500073914,41480022,윤.18 l 장기거주 l 소액보증금 협의,윤포레온공인중개사사무소,월세,320,중,62.24,39.95,0,"30,000",240,2026-08-25
1500073914,41480019,22 l 장기거주 l 보증금조정 l 옵션가득 l 신혼부부,윤포레온공인중개사사무소,월세,319,중,75.90,49.95,0,"30,000",240,2026-08-25
1500073914,41231054,"22. 9호선이용편리 장기임대 , 융무",포레온행운(471-3999)공인중개사사무소,월세,318,중,75.90,49.95,0,"30,000",260,2026-08-18
1500073914,41231057,"22. 9호선이용편리 장기임대 , 융무",포레온행운(471-3999)공인중개사사무소,월세,318,중,75.90,49.95,0,"30,000",260,2026-08-18
1500073914,41237283,"22, 바로 진행, 장기거주,늦은 입주 , 융무,깔끔한집",으뜸포레온공인중개사사무소,월세,319,고,75.90,49.95,0,"30,000",280,2026-08-18
1500073914,41392407,"헤드, 22, 9호선, 초품아, 고급커뮤니티",부동산헤드라인공인중개사사무소,월세,308,고,123.23,49.95,0,"30,000",280,2026-08-24
1500073914,40880658,"장기거주가능, 2년 계약가능. 남향 올림픽 공원뷰. 햇빛 가능한집.",올림픽파크포레온 나이스 단지내 공인중개사사무소,월세,308,고,123.23,49.95,0,"30,000",280,2026-08-08
1500073914,40840300,"집보기가 .즉시입주 협의가, 아침햇살 좋은 집. 장기거주가.",올림픽파크포레온 나이스 단지내 공인중개사사무소,월세,320,고,74.61,29.97,0,"30,000",220,2026-08-07
1500073914,40817065,"22. 9호선이용편리 장기임대 , 융무",포레온행운(471-3999)공인중개사사무소,월세,318,중,75.90,49.95,0,"30,000",260,2026-08-06
1500073914,41056868,"22. 9호선이용편리 장기임대 , 융무",포레온행운(471-3999)공인중개사사무소,월세,318,중,75.90,49.95,0,"30,000",260,2026-08-12
1500073914,40989187,"헤드, 22, 남향, 뻥뷰, 해잘드는집, 장기거주가능, 9호선",부동산헤드라인공인중개사사무소,월세,308,고,75.90,49.95,0,"30,000",280,2026-08-11
1500073914,40929768,시티 22월세 감탄뷰 햇살좋은집 장기거주가능 입주민커뮤니티이용굿,시티472-1117공인중개사사무소,월세,308,중,75.90,49.95,0,"30,000",280,2026-08-10
1500073914,41414488,로얄22p. 최고조망 장기거주가능 보증금조절가 커뮤니티좋아요,로얄(02-470-0113)공인중개사사무소,월세,309,고,75.90,49.95,0,"25,000",320,2026-08-24
1500073914,41443737,18 장기거주 신혼부부강추 워라벨 하이엔드 커뮤니티시설,올림픽파크포레온금탑공인중개사사무소,월세,321,고,100.10,39.95,0,"20,000",280,2026-08-25
1500073914,41480013,18월세 l 소액보증금O  늦은입주협의O 장기거주O,윤포레온공인중개사사무소,월세,321,고,62.24,39.95,0,"20,000",280,2026-08-25
1500073914,40858583,"18,5호선이용편리 ,장기임대 융무 ,보증금 조정가능.",포레온행운(471-3999)공인중개사사무소,월세,104,고,62.24,39.95,0,"20,000",260,2026-08-07
1500073914,40501831,14.5호선초역세권.풀옵션. 수납공간짱짱. 분리형. 여성1인거주추천,단지내승진포레온공인중개사사무소,월세,102,저,46.21,29.97,0,"20,000",120,2026-07-27
1500073914,41480014,윤.18 l 빠른입주 l 장기거주 l 소액보증금 협의,윤포레온공인중개사사무소,월세,320,고,62.24,39.95,0,"20,000",270,2026-08-25
1500073914,40925040,18 월세 l 소액보증금조정O 장기거주O 입주협의O,윤포레온공인중개사사무소,월세,319,중,62.24,39.95,0,"20,000",280,2026-08-10
1500073914,41099625,"18, 바로 진행, 장기거주,늦은 입주 , 융무",으뜸포레온공인중개사사무소,월세,319,중,62.24,39.95,0,"20,000",260,2026-08-14
1500073914,40579503,18.조합물건.장기거주가능.9호선초역세권.뻥뷰.,단지내승진포레온공인중개사사무소,월세,321,고,62.24,39.95,0,"20,000",280,2026-07-29
1500073914,41333192,18P 조합원매물  남한산성 올팍 영구뻥뷰  상가.9호선 초초근접,다원공인중개사사무소,월세,321,고,62.24,39.95,0,"20,000",280,2026-08-21
1500073914,41235558,윤.18 l 소액보증금 l 장기거주 l 트인뷰,윤포레온공인중개사사무소,월세,103,중,62.24,39.95,0,"15,000",300,2026-08-19
1500073914,41237280,"18, 집보고 결정, 빠른입주, 장기, 바로진행",으뜸포레온공인중개사사무소,월세,103,고,62.24,39.95,0,"10,000",300,2026-08-18
1500073914,41272753,"18,보증금 조절가,바로진행, 장기거주,8월말부터 가능",으뜸포레온공인중개사사무소,월세,102,고,100.10,39.95,0,"10,000",290,2026-08-20
1500073914,41370051,"18,5호선이용편리 ,장기임대 융무 ,보증금 조정가능.빠른입주가능,",포레온행운(471-3999)공인중개사사무소,월세,104,고,62.24,39.95,0,"10,000",290,2026-08-22
1500073914,41386904,18. 빠른입주 l 소액보증금 l 장기거주 l 트인뷰,윤포레온공인중개사사무소,월세,104,중,62.24,39.95,0,"10,000",290,2026-08-22
1589,41413339,입주가능 l 확트인 남향 l 주인거주 l 9호선 보훈병원 급행 l,강동하나공인중개사사무소,매매,4,중,129.31,109.07,"175,000",0,0,2026-08-24
1589,41234810,탁 트인전망 뷰 최상 입주 9호선 공사중 초역세권,반석공인중개사사무소,매매,3,고,129.31,109.07,"170,000",0,0,2026-08-18
1589,41296919,재건축 추진중  탁트인전망 뷰  옛전수리  입주,반도부동산,매매,3,고,129.31,109.07,"170,000",0,0,2026-08-20
1589,41143758,"남향, 정원뷰, 9호선보훈병원역급행, 재건축호재",둔촌푸르지오공인중개사사무소,매매,4,저,129.31,109.07,"168,000",0,0,2026-08-15
1589,41296918,"  남향  재건축추진중 수리 입주 교통, 학군, 편의시설 좋음",반도부동산,매매,4,저,129.31,109.07,"168,000",0,0,2026-08-20
1589,40884511,재건축 추진중 남향 수리 정원뷰 입주 9호선 역세권,반석공인중개사사무소,매매,4,저,129.31,109.07,"167,500",0,0,2026-08-08
1589,41194449,"9호선 보훈병원급행생태계역역세권,남향,재거축호제,세안고매수",둔촌푸르지오공인중개사사무소,매매,1,저,101.28,83.40,"156,000",0,0,2026-08-18
1589,41194572,"남향,  9호선보훈생태계역개통,재건축,세안고",서울부동산중개사무소,매매,1,저,101.28,83.40,"156,000",0,0,2026-08-18
1589,41194571,"올수리,9호선보훈병원역,재건축호재",서울부동산중개사무소,매매,2,고,101.28,83.40,"154,000",0,0,2026-08-18
1589,41325795,"내부상태 최상, 9호선 보훈병원역 ,재건축임박",둔촌푸르지오공인중개사사무소,매매,2,고,101.28,83.40,"154,000",0,0,2026-08-21
1589,41422677,,금성484-4004(단지내30여년)포레온공인중개사사무소,매매,2,고,101.28,83.40,"154,000",0,0,2026-08-24
1589,41442704,컨디션굿 재건축추진중 실거주및투자가치 9호선생태공원역,마음공인중개사사무소,매매,2,12,103.88,83.40,"154,000",0,0,2026-08-25
1589,41449066,마음강추 올수리 재건축추진중 주인거주9호선 생태공원역예정,마음공인중개사사무소,매매,2,12,101.28,83.40,"154,000",0,0,2026-08-25
1612,41422660,"사준집,저평가,둔촌역5분거리,한산초중인접,남향",금성484-4004(단지내30여년)포레온공인중개사사무소,매매,101,5,107.14,79.79,"128,000",0,0,2026-08-24
1612,41467025,"사준집,저평가,리모델링진행,5.9호선역세권",금성484-4004(단지내30여년)포레온공인중개사사무소,매매,101,5,107.14,79.79,"128,000",0,0,2026-08-25
20066937,40683528,방3화2 84타입 4인가족 둔촌고앞 보훈병원 역세권 주차원활,둔촌스타공인중개사사무소,매매,1,고,110.01,84.39,"98,000",0,0,2026-08-01
1500074838,41216393,프리미엄단지첫입주 빠른입주판상형4bay 에4 다양한커뮤니티 공공수영장,(단지내)세진공인중개사사무소,전세,102,저,112.66,84.93,0,"105,000",0,2026-08-18
1500074838,41234844,프리미엄단지첫입주 추천 판상형4bay 에4 중문 붙박이장 커뮤니티,(단지내)세진공인중개사사무소,전세,102,5,0.00,84.93,0,"105,000",0,2026-08-19
1500074838,41282450,프리미엄단지첫입주 빠른입주판상형4bay 에4 다양한커뮤니티 공공수영장,(단지내)세진공인중개사사무소,전세,102,5,112.66,84.93,0,"105,000",0,2026-08-20
1500071349,40801417,천호역신축2년 멋진한강뷰채광굿 선호하는판상형 편의시설 역세권신축매수,(단지내)세진공인중개사사무소,매매,101,28,168.59,84.19,"220,000",0,0,2026-08-06
1500071349,41264343,"중간층 구조좋은 귀한매물 팬트리,시스템에어컨4 등 풀옵션",일등학사부동산공인중개사사무소,매매,102,10,134.73,98.49,"250,000",0,0,2026-08-19
1500071349,41335011,40 풀에 날짜협의가능 편리한생활권 천호역더블역세권,반포큰공인중개사사무소,매매,102,10,134.73,98.49,"250,000",0,0,2026-08-21
1500071349,41449010,"중간층 구조좋은 귀한매물 팬트리,시스템에어컨4 등 풀옵션",일등학사부동산공인중개사사무소,매매,102,10,134.73,98.49,"250,000",0,0,2026-08-25
1500071349,41444504,"중간층 구조좋은 귀한매물 팬트리,시스템에어컨4 등 풀옵션",일등학사부동산공인중개사사무소,매매,102,10,207.55,98.49,"250,000",0,0,2026-08-25
1500071349,41461531,천호역신축2년  귀한98 10월입주협의 에어컨 안방붙박이장  팬트리등,(단지내)세진공인중개사사무소,매매,102,10,134.73,98.49,"250,000",0,0,2026-08-25
1500071349,41449027,"최고로얄층 시원한한강뷰 붙박이장 시스템에어컨4,인덕션,오븐 등 풀옵션",일등학사부동산공인중개사사무소,매매,102,고,113.74,84.19,"230,000",0,0,2026-08-25
1500071349,41444509,"최고로얄층 전망최고 안방,작은방붙박이장 인덕션 시스템에어컨5대 등",일등학사부동산공인중개사사무소,매매,102,37,168.59,84.19,"220,000",0,0,2026-08-25
1500071349,41449011,"최고로얄층 시원한전망 뻥뷰 안방,작은방붙박이장 시스템에어컨5,인덕션",일등학사부동산공인중개사사무소,매매,102,37,113.74,84.19,"220,000",0,0,2026-08-25
1500071349,40801449,천호역신축2년 시원한고층뷰채광굿 선호하는판상형 편의시설 역세권신축매수,(단지내)세진공인중개사사무소,매매,102,37,168.59,84.19,"220,000",0,0,2026-08-06
1500071349,40891415,천호역신축2년 시원하게트인뷰 선호하는판상형 편의시설 역세권신축매수,(단지내)세진공인중개사사무소,매매,102,37,113.74,84.19,"220,000",0,0,2026-08-08
1500071349,41406755,"최고로얄층 시원한전망 뻥뷰 안방,작은방붙박이장 시스템에어컨5,인덕션",일등학사부동산공인중개사사무소,매매,102,37,113.74,84.19,"220,000",0,0,2026-08-24
1500071349,41449012,"최고로얄층 한강조망 안방,작은방붙박이장 오븐 인덕션 주방고급마감재 등",일등학사부동산공인중개사사무소,매매,101,28,113.74,84.19,"220,000",0,0,2026-08-25
1500071349,41109079,천호역신축2년 멋진한강뷰채광굿 선호하는판상형 편의시설 역세권신축매수,(단지내)세진공인중개사사무소,매매,101,28,113.74,84.19,"220,000",0,0,2026-08-14
1500071349,41272004,"최고로얄층 한강조망 안방,작은방붙박이장 오븐 인덕션 주방고급마감재 등",일등학사부동산공인중개사사무소,매매,101,28,168.59,84.19,"220,000","110,000",0,2026-08-20
1500071349,41343277,"최고로얄층 한강조망 안방,작은방붙박이장 오븐 인덕션 주방고급마감재 등",일등학사부동산공인중개사사무소,매매,101,28,113.74,84.19,"220,000",0,0,2026-08-21
1500071349,40858735,천호역신축 2년 세대분리 방3화3 에5 오븐등 롯데마트다이소등편의시설,(단지내)세진공인중개사사무소,전세,101,7,153.57,114.81,0,"140,000",0,2026-08-07
1500071349,41056569,천호역신축 2년 세대분리 방3화3 에5 오븐등 롯데마트다이소등편의시설,(단지내)세진공인중개사사무소,전세,101,저,153.57,114.81,0,"140,000",0,2026-08-13
1500071349,41234606,신축2년차 귀한102 트인뷰 4bay  방4 화2  중문 에6 드레스룸등,(단지내)세진공인중개사사무소,전세,102,중,214.80,102.94,0,"140,000",0,2026-08-19
1500071349,41410514,신축 2년차 만족도 높은단지  방4 화2 4bay 중문 에6 드레스룸등,(단지내)세진공인중개사사무소,전세,102,중,138.70,102.94,0,"140,000",0,2026-08-24
1500071349,41461540,신축2년차선호하는단지 전102방4 화2 4bay 중문 에6 드레스룸등,(단지내)세진공인중개사사무소,전세,102,중,138.70,102.94,0,"140,000",0,2026-08-25
1500071349,41109061,"천호역신축 멋진 한강뷰 2룸 거실 ,단지내 롯데마트 다이소등 편의시설",(단지내)세진공인중개사사무소,매매,104,37,76.66,47.44,"140,000",0,0,2026-08-14
1500071349,41481619,"바로계약,큰집전9.3억 작은집4.5억가능 ,트인뷰",래미안강동열매공인중개사사무소,전세,101,7,238.45,114.81,0,"138,000",0,2026-08-26
1500071349,41109432,10월입주협의 장기거주가능 세대분리 방3화3,잠실르엘원픽공인중개사사무소,전세,101,저,153.57,114.81,0,"138,000",0,2026-08-14
1500071349,41461546,신축2년차선호하는단지 전102방4 화2 4bay 중문 에6 드레스룸등,(단지내)세진공인중개사사무소,전세,102,중,138.70,102.94,0,"137,000",0,2026-08-25
1500071349,41339644,"천호역신축  2룸과 거실 인기많은소형,단지내 롯데마트 다이소등편의시설",(단지내)세진공인중개사사무소,매매,104,중,76.86,47.84,"135,000",0,0,2026-08-21
1500071349,41406790,"로얄층 시스템에어컨3,중문,오븐,인덕션,비데,작은방시스템헹거,줄눈 풀옵션",일등학사부동산공인중개사사무소,매매,104,중,76.86,47.84,"135,000",0,0,2026-08-24
1500071349,41444518,"로얄층 ,시스템에어컨3,중문,인덕션,오븐,비데,작은방시스템헹거 풀옵션",일등학사부동산공인중개사사무소,매매,104,중,111.58,47.84,"135,000",0,0,2026-08-25
1500071349,41449029,"로얄층 ,시스템에어컨3,중문,인덕션,오븐,비데,작은방시스템헹거 풀옵션",일등학사부동산공인중개사사무소,매매,104,중,76.86,47.84,"135,000",0,0,2026-08-25
1500071349,41461528,천호 신축투룸 상태최상 작은방 별도 시스템장 에어컨3대 풀옵션 중문,(단지내)세진공인중개사사무소,매매,104,9,76.86,47.84,"130,000",0,0,2026-08-25
1500071349,41109073,"천호역신축  2룸,거실 인기많은소형,단지내 롯데마트 다이소등편의시설",(단지내)세진공인중개사사무소,매매,104,저,76.86,47.84,"130,000",0,0,2026-08-14
1500071349,41235232,천호역신축 투룸거실 정원뷰  에어컨3대 풀옵션 중문,(단지내)세진공인중개사사무소,매매,104,9,111.58,47.84,"130,000",0,0,2026-08-19
1500071349,41461541,천호역신축2년  귀한98  에어컨 안방붙박이장 팬트리 드레스룸 등,(단지내)세진공인중개사사무소,전세,102,저,134.73,98.49,0,"115,000",0,2026-08-25
1500071349,41406757,"중간층 구조좋은 귀한매물 팬트리,시스템에어컨4 등 풀옵션",일등학사부동산공인중개사사무소,전세,102,10,134.73,98.49,0,"115,000",0,2026-08-24
1500071349,41444472,"중간층 구조좋은 귀한매물 팬트리,시스템에어컨4 등 풀옵션",일등학사부동산공인중개사사무소,전세,102,10,207.55,98.49,"250,000","115,000",0,2026-08-25
1500071349,41449016,"중간층 구조좋은 귀한매물 팬트리,시스템에어컨4 등 풀옵션",일등학사부동산공인중개사사무소,전세,102,10,134.73,98.49,0,"115,000",0,2026-08-25
1500071349,41461532,천호역신축2년  귀한98  에어컨 안방붙박이장 팬트리 드레스룸등,(단지내)세진공인중개사사무소,전세,102,10,134.73,98.49,0,"115,000",0,2026-08-25
1500071349,41410516,천호역신축2년  에어컨 인덕션 중문 오븐 안방붙박이장등 롯데마트다이소,(단지내)세진공인중개사사무소,전세,102,중,113.74,84.19,0,"110,000",0,2026-08-24
1500071349,40569257,천호역신축  고층 한강뷰 반전세가능 풀옵션 롯데마트다이소등편의시설,(단지내)세진공인중개사사무소,전세,103,고,113.74,84.19,0,"110,000",0,2026-07-29
1500071349,40935265,천호역신축  고층 한강뷰 반전세가능 풀옵션 롯데마트다이소등편의시설,(단지내)세진공인중개사사무소,전세,103,31,113.74,84.19,0,"110,000",0,2026-08-10
1500071349,41235579,천호역신축  고층 한강뷰 반전세가능 조정가능 롯데마트다이소등편의시설,(단지내)세진공인중개사사무소,전세,103,31,168.59,84.19,0,"110,000",0,2026-08-19
1500071349,41406770,"최고로얄층 시원한 한강조망 안방,작은방붙박이장 오븐 인덕션 등",일등학사부동산공인중개사사무소,전세,103,31,113.74,84.19,0,"105,000",0,2026-08-24
1500071349,40817223,천호역신축  고층 한강뷰 반전세가능 풀옵션 롯데마트다이소등편의시설,(단지내)세진공인중개사사무소,전세,103,고,113.74,84.19,0,"105,000",0,2026-08-06
1500071349,41449030,로얄층 전세대출가능 반전세ok 입주협의 붙박이장 시스템에어컨 등,일등학사부동산공인중개사사무소,전세,101,중,113.74,84.19,0,"105,000",0,2026-08-25
1500071349,41396150,로얄층 전세대출가능 반전세ok 입주협의 붙박이장 시스템에어컨 등,일등학사부동산공인중개사사무소,전세,101,중,168.59,84.19,0,"105,000",0,2026-08-24
1500071349,41406784,로얄층 입주일협의가능 시스템에어컨 붙박이장 오븐 인덕션 등 풀옵션,일등학사부동산공인중개사사무소,전세,101,중,113.74,84.19,0,"105,000",0,2026-08-24
1500071349,41444477,최고로얄층 한강뷰 전세대출가능 반전세ok 시스템에어컨5 등 풀옵션,일등학사부동산공인중개사사무소,전세,103,31,168.59,84.19,0,"105,000",0,2026-08-25
1500071349,41449020,최고로얄층 한강뷰 전세대출가능 반전세ok 시스템에어컨5 등 풀옵션,일등학사부동산공인중개사사무소,전세,103,31,113.74,84.19,0,"105,000",0,2026-08-25
1500071349,40569256,천호역신축 고층 트인뷰  빠른입주 안방붙박이장 롯데마트다이소등편의시설,(단지내)세진공인중개사사무소,전세,103,고,113.74,84.19,0,"103,000",0,2026-07-29
1500071349,41399628,세대분리형 78. 신축.방2화2 넓은거실. 추천매물.11월이후 협의,홍익포레온475-8889(단지내)공인중개사사무소,전세,101,중,153.57,114.81,0,"95,000",0,2026-08-24
1500071349,40858734,천호역신축 2년 세대분리호실 전23 방2화2 에3 오븐 인덕션등옵션,(단지내)세진공인중개사사무소,전세,101,7,153.57,114.81,0,"95,000",0,2026-08-07
1500071349,41335042,신축 세대분리형 전용78 방2 거실 화2 입주협의 천호역세권,반포큰공인중개사사무소,전세,101,중,153.57,114.81,0,"95,000",0,2026-08-21
1500071349,41215496,귀한전세 신축 전용78 세대분리형 방2화2 장기거주 전세대출 무융자,동현대공인중개사사무소,전세,101,중,0.00,114.81,0,"95,000",0,2026-08-19
1500071349,41176601,"오래거주,트인뷰.넓은9.3억. 좁은4.5억 ,보증금협의가능,월세",열매공인중개사사무소,전세,101,7,238.45,114.81,0,"93,000",0,2026-08-18
1500071349,41406756,"신축 구조좋음 붙박이장,인덕션,오븐 시스템에어컨 등 풀옵션 입주하시",일등학사부동산공인중개사사무소,전세,102,3,82.10,59.97,0,"85,000",0,2026-08-24
1500071349,41444491,"신축 구조좋음 판상형구조 붙박이장,인덕션,오븐 시스템에어컨 등 풀옵션",일등학사부동산공인중개사사무소,전세,102,3,125.62,59.97,0,"85,000",0,2026-08-25
1500071349,41449017,"신축 구조좋음 붙박이장,인덕션,오븐 시스템에어컨등 풀옵션 입주하시",일등학사부동산공인중개사사무소,전세,102,3,82.10,59.97,0,"85,000",0,2026-08-25
1500071349,41176938,"전용78전세,보증금2억도가능 10월13일부터 가능",열매공인중개사사무소,월세,101,7,238.45,114.81,0,"80,000",50,2026-08-18
1500071349,41335043,신축 세대분리형 전용78 방2 거실 화2 입주협의 천호역세권,반포큰공인중개사사무소,월세,101,중,153.57,114.81,0,"80,000",60,2026-08-21
1500071349,41449032,"로얄층 전세대출가능 전세도가능 입주협의 시스템에어컨,붙박이장 풀옵션",일등학사부동산공인중개사사무소,월세,101,중,113.74,84.19,0,"75,000",120,2026-08-25
1500071349,41396170,"로얄층 전세대출가능 전세도가능 입주협의 시스템에어컨,붙박이장 풀옵션",일등학사부동산공인중개사사무소,월세,101,중,168.59,84.19,0,"75,000",120,2026-08-24
1500071349,41406780,로얄층 입주일협의가능 시스템에어컨 붙박이장 오븐 인덕션 등 풀옵션,일등학사부동산공인중개사사무소,월세,101,중,113.74,84.19,0,"75,000",120,2026-08-24
1500071349,41410512,신축2년 시원하게 트인뷰 에5 다양한 커뮤니티 공공수영장,(단지내)세진공인중개사사무소,월세,103,중,113.74,84.19,0,"50,000",240,2026-08-24
1500071349,41443414,최고로얄층 한강뷰 전세대출가능 전세ok 보증금월세조정가능 풀옵션,일등학사부동산공인중개사사무소,월세,103,31,168.59,84.19,0,"50,000",240,2026-08-25
1500071349,41406779,분리세대 1.5룸 출입구넓고베란다 있는 좋은구조  전망좋음 풀옵션,일등학사부동산공인중개사사무소,전세,101,저,153.57,114.81,0,"45,000",0,2026-08-24
1500071349,41449031,분리세대 1.5룸 출입구넓고베란다 있는 좋은구조  전망좋음 풀옵션,일등학사부동산공인중개사사무소,전세,101,저,153.57,114.81,0,"45,000",0,2026-08-25
1500071349,41279317,분리세대 1.5룸 출입구넓고베란다 있는 좋은구조  전망좋음 풀옵션,일등학사부동산공인중개사사무소,전세,101,저,153.57,114.81,0,"45,000",0,2026-08-20
1500071349,41197880,"전용36, 방1개, 욕실1개, 원룸원거실, 전세대출가능, 10월12일이후",열매공인중개사사무소,전세,101,저,153.57,114.81,0,"45,000",0,2026-08-18
1500071349,41406771,시원한뷰 보증금월세 조정가능 시스템에어컨 붙박이장 오븐 인덕션 등,일등학사부동산공인중개사사무소,월세,103,20,113.74,84.19,0,"40,000",280,2026-08-24
1500071349,41335010,34 신축 한강뷰 빠른입주 롯데마트 다이소입점 편의시설좋은 천호역세권,반포큰공인중개사사무소,월세,103,33,113.74,84.19,0,"40,000",280,2026-08-21
1500071349,40935264,천호역신축  고층 한강뷰 전세가능 풀옵션 롯데마트다이소등편의시설,(단지내)세진공인중개사사무소,월세,103,31,113.74,84.19,0,"40,000",280,2026-08-10
1500071349,40588059,천호역신축2년  고층한강뷰 보증금월세 조정가능 롯데마트다이소등편의시설,(단지내)세진공인중개사사무소,월세,103,31,168.59,84.19,0,"40,000",280,2026-07-30
1500071349,41449021,시원한뷰 보증금월세 조정가능 시스템에어컨 붙박이장 오븐 인덕션 등,일등학사부동산공인중개사사무소,월세,103,20,113.74,84.19,0,"40,000",280,2026-08-25
1500071349,41449022,최고로얄층 한강뷰 전세대출가능 전세ok 보증금월세조정가능 풀옵션,일등학사부동산공인중개사사무소,월세,103,31,113.74,84.19,0,"40,000",280,2026-08-25
1500071349,41461530,"신축2년 판상형 고층한강뷰 에이컨5  공공수영장, 단지내 롯데마트다이소등",(단지내)세진공인중개사사무소,월세,103,33,113.74,84.19,0,"40,000",280,2026-08-25
1500071349,41410517,신축2년 확장형 트인뷰 보증금 조정O 고층조망 에어컨5 집상태최상,(단지내)세진공인중개사사무소,월세,103,중,113.74,84.19,0,"40,000",280,2026-08-24
1500071349,41444499,시원한뷰 보증금월세 조정가능 시스템에어컨 붙박이장 오븐 인덕션 등,일등학사부동산공인중개사사무소,월세,103,20,168.59,84.19,0,"40,000",280,2026-08-25
1500071349,41449018,최고로얄층 한강뷰 전세대출가능 전세ok 시스템에어컨5 등 풀옵션,일등학사부동산공인중개사사무소,월세,103,31,113.74,84.19,0,"40,000",280,2026-08-25
1500071349,41449019,최고로얄층 한강뷰 전세대출가능 입주협의 보증금월세 조정가능 풀옵션,일등학사부동산공인중개사사무소,월세,103,33,113.74,84.19,0,"40,000",280,2026-08-25
1500071349,41444483,최고로얄층 한강뷰 전세대출가능 입주협의 보증금월세 조정가능 풀옵션,일등학사부동산공인중개사사무소,월세,103,33,168.59,84.19,0,"30,000",320,2026-08-25
1500071349,41406753,최고로얄층 한강뷰 시스템에어컨 붙박이장 오븐 인덕션 등 풀옵션,일등학사부동산공인중개사사무소,월세,103,33,113.74,84.19,0,"30,000",320,2026-08-24
1500071349,41410513,천호역신축2년  멋진한강뷰 보증금조정o 빠른입주 롯데마트 다이소등,(단지내)세진공인중개사사무소,월세,103,고,113.74,84.19,0,"30,000",320,2026-08-24
1500071349,41279316,분리세대 1.5룸 출입구넓고베란다 있는 좋은구조  전망좋음 풀옵션,일등학사부동산공인중개사사무소,월세,101,저,153.57,114.81,0,"30,000",70,2026-08-20
1500071349,41383105,"천호역,분리세대APT,1.5룸풀옵션,생활인프라최상10월초중순협의,보안최상",동현대공인중개사사무소,월세,101,8,153.57,114.81,0,"30,000",60,2026-08-22
1500071349,41449033,분리세대 1.5룸 출입구넓고베란다 있는 좋은구조  전망좋음 풀옵션,일등학사부동산공인중개사사무소,월세,101,저,153.57,114.81,0,"30,000",60,2026-08-25
1500071349,41481577,전용36 1.5룸  풀옵션 전세4.5억가능,래미안강동열매공인중개사사무소,월세,101,저,238.45,114.81,0,"30,000",60,2026-08-26
1500071349,41406781,분리세대 1.5룸 출입구넓고베란다 있는 좋은구조  전망좋음 풀옵션,일등학사부동산공인중개사사무소,월세,101,저,153.57,114.81,0,"30,000",60,2026-08-24
1500071349,41444523,분리세대 1.5룸 출입구넓고베란다 있는 좋은구조  전망좋음 풀옵션,일등학사부동산공인중개사사무소,월세,101,저,238.45,114.81,0,"30,000",60,2026-08-25
20065634,40797045,"최근특올수리 풀에5대  천호,강동역도보5분",래미안강동열매공인중개사사무소,매매,1,고,217.10,119.70,"140,000",0,0,2026-08-06
20065634,41355437,"풀에어컨, 특수리, 입주",열매공인중개사사무소,매매,1,고,217.10,119.70,"140,000",0,0,2026-08-22
20065634,41270804,남향 롯데타워뷰  갭투,래미안강동열매공인중개사사무소,매매,1,고,217.10,119.70,"125,000",0,0,2026-08-20
20323378,40679420,강동역지하연결 남향 멋진조망굿 롯데타워뷰 귀한43 방4 부분리모델링,(단지내)세진공인중개사사무소,매매,1102,31,144.30,107.34,"195,000",0,0,2026-08-01
20323378,40698516,올수리 트인뷰  강동역바로,래미안강동열매공인중개사사무소,매매,1102,31,215.93,107.34,"195,000",0,0,2026-08-03
20323378,40767988,전세가능 특인테리어 고층뷰 가격협의 깨끗 강동역바로,열매공인중개사사무소,매매,1102,31,215.93,107.34,"195,000",0,0,2026-08-05
20323378,40840154,강동역1분. 넓고 여유로운 구조. 시원하게 펼쳐지는 막힘없는 뻥뷰.,솔로몬공인중개사사무소,매매,1102,31,215.93,107.34,"195,000",0,0,2026-08-07
20323378,40920437,전자계약 공동환영 로얄층 강동역 핵심입지 강동역 직연결 주상복합,가온누리부동산중개법인주식회사,매매,1102,31,215.93,107.34,"195,000",0,0,2026-08-10
20323378,41072492,"최고로얄층 전망최고 내부상태,구조 좋습니다 강동역지하연결되어 편리",일등학사부동산공인중개사사무소,매매,1102,31,144.30,107.34,"195,000",0,0,2026-08-13
20323378,41223646,"최고로얄층 전망최고 내부상태,구조 좋습니다 강동역지하연결되어 편리",일등학사부동산공인중개사사무소,매매,1102,31,144.30,107.34,"195,000",0,0,2026-08-18
20323378,41418118,"주인의뢰,최강뷰고급스러운 인테리어를 누려보세요.",롯데캐슬가교공인중개사사무소,매매,1102,31,144.30,107.34,"195,000",0,0,2026-08-24
20323378,41440383,"로얄층 고층뷰, 내부상태굿, 입주협의",래미안친구공인중개사사무소,매매,1102,31,215.93,107.34,"195,000",0,0,2026-08-25
20323378,41445758,"최고로얄층 전망최고 내부상태,구조 좋습니다 강동역지하연결되어 편리",일등학사부동산공인중개사사무소,매매,1102,31,215.93,107.34,"195,000",0,0,2026-08-25
20323378,41412181,,성심포레온(483-0070)단지내공인중개사사무소,매매,1102,고,144.30,107.34,"180,000",0,0,2026-08-24
20323378,40797080,입주 깨끗한관리최상 강동역초역세권,래미안강동열매공인중개사사무소,매매,1102,저,215.93,107.34,"170,000",0,0,2026-08-06
20323378,41024847,"강동역직결, 고층뻥뷰, 풀에어컨, 입주협의 가능",래미안친구공인중개사사무소,매매,1102,고,189.73,94.61,"168,000",0,0,2026-08-13
20323378,41442006,강동역초역세권 풀에어컨6대 입주일협의,열매공인중개사사무소,매매,1102,저,215.93,107.34,"155,000",0,0,2026-08-25
20323378,41355961,"강동역세권 풀에어컨 방4,화2 입주일협의",래미안강동열매공인중개사사무소,매매,1102,저,0.00,107.34,"155,000",0,0,2026-08-22
20323378,41406778,"최고로얄층 전망최고 내부상태,구조 좋습니다 강동역지하연결되어 편리",일등학사부동산공인중개사사무소,전세,1102,31,144.30,107.34,0,"115,000",0,2026-08-24
20323378,41354560,"최고로얄층 전망최고 내부상태,구조 좋습니다 강동역지하연결되어 편리",일등학사부동산공인중개사사무소,전세,1102,31,215.93,107.34,0,"115,000",0,2026-08-22
20323378,41355338,귀한반전세 강동역직결 보증금협의가능 풀에,래미안강동열매공인중개사사무소,월세,1102,저,215.93,107.34,0,"60,000",200,2026-08-22
20323378,41310135,풀에어컨 귀한반전세 강동역직결  깨끗,열매공인중개사사무소,월세,1102,저,0.00,107.34,0,"60,000",200,2026-08-21
20323378,41197879,"귀한 월세, 풀에어컨, 방4개",열매공인중개사사무소,월세,1102,저,144.30,107.34,0,"60,000",200,2026-08-18
20064875,41445825,"특올수리,일조권최고,트인뻥뷰,한강공원인접,추천매물",단지앞고금숙공인중개사사무소,매매,105,13,143.52,84.93,"165,000",0,0,2026-08-25
20064875,40626773,한강전망 확장특수리 중층 천천히입주됩니다.,선사현대상가한양공인중개사사무소,매매,102,5,0.00,84.99,"155,000",0,0,2026-07-31
20064875,40919702,"한강 조망 가능한, 확장 수리된 깔끔한 매물",선사현대 골드공인중개사사무소,매매,102,5,0.00,84.99,"155,000",0,0,2026-08-10
20064875,40941131,"아차산, 한강 뷰. 확장 수리.",(TOP)선사현대공인중개사사무소,매매,102,5,114.16,84.99,"155,000",0,0,2026-08-10
20064875,41259562,한강벨트  확장수리됨,칠성공인중개사,매매,102,5,114.16,84.99,"155,000",0,0,2026-08-19
20064875,41392040,한강 아차산뷰 올수리되어 깨끗함 입주,한강부동산공인중개사사무소,매매,102,저,146.25,84.99,"155,000",0,0,2026-08-24
20064875,41396301,"한강과아차산뷰,확장수리,도심속자연힐링뷰,신암초인접",선사현대크로바부동산공인중개사사무소,매매,102,5,146.25,84.99,"155,000",0,0,2026-08-24
20064875,41428391,"사계절 아차산 풍경과 한강 조망, 힐링 뻥뷰. 확장형 수리",솔로몬공인중개사사무소,매매,102,5,114.16,84.99,"155,000",0,0,2026-08-24
20064875,41445791,"5bay,탁트인한강과사계절그림같은아차산조망,확장수리,뻥뷰",단지앞고금숙공인중개사사무소,매매,102,5,0.00,84.99,"155,000",0,0,2026-08-25
1700,40810369,"입주, 굽은다리초역세권,올수리 남향,교통편의시설좋아요",래미안공인중개사사무소,매매,1,중,37.42,27.61,"36,000",0,0,2026-08-06
1700,41333212,"굽은다리초역세권, 1.5룸,수리된 세안고 매매로 마음에 드실겁니다.",현대공인중개사사무소,매매,1,저,37.42,27.61,"35,000",0,0,2026-08-21
1700,41448813,굽은다리역세권에 올수리되어 있어 보시면 마음에 드실겁니다.,현대공인중개사사무소,월세,1,6,37.42,27.61,0,"12,000",50,2026-08-25
2500050403,41010572,"천호5,8호선역세권 전용넓은오피스텔 주차편리 편의시설풍부",래미안강동열매공인중개사사무소,매매,102,4,89.53,55.24,"33,000",0,0,2026-08-12
2500050403,41072482,세안고 l 천호역 l 풀옵션 l 수요 많은 l 1.5룸 오피스텔,일등학사부동산공인중개사사무소,매매,102,4,89.53,55.24,"33,000",0,0,2026-08-13
20064804,41217203,천호더블역세권 트인뷰 방3화2,래미안강동열매공인중개사사무소,매매,102,고,0.00,130.13,"160,000",0,0,2026-08-19
20064804,40553935,천호더블역세권  정상입주  부분수리 인프라풍부,래미안강동열매공인중개사사무소,매매,101,고,229.28,114.63,"140,000",0,0,2026-07-29
20064804,41475779,"협의입주가능,45P,쓰리룸화장실2 APT,초역세권 최상의주거환경,",동현대공인중개사사무소,매매,101,15,151.88,114.63,"140,000",0,0,2026-08-25
20064804,41407792,,동현대공인중개사사무소,전세,102,12,151.88,114.63,0,"85,000",0,2026-08-24
1500074821,41109081,"천호역세권 시원한파노라마 산뷰 4bay선호하는판상형,강동신축마지막기회",(단지내)세진공인중개사사무소,매매,101,고,118.69,84.98,"198,000",0,0,2026-08-14
20355515,40519720,펜트하우스 특급파노라마 뷰 초역세권,반석공인중개사사무소,매매,103,45,215.63,151.84,"420,000",0,0,2026-07-28
20355515,41296917,탁 트인 최고최고의뷰 특급조망  강동역초역세권,반도부동산,매매,103,45,215.63,151.84,"420,000",0,0,2026-08-20
20355515,41469311,한강뷰.풀에어컨. 상태최상.  호텔급커뮤니티시설. 헬스무료,임미령(팰리스)공인중개사사무소,매매,102,중,121.39,84.97,"200,000",0,0,2026-08-25
20355515,41475156,"36 서울직접진행, 올수리, 풀옵션, 최고의 커뮤니티, 입주 협의",서울공인중개사사무소,매매,102,27,121.39,84.97,"200,000",0,0,2026-08-25
20355515,40786072,잠실타워뷰 풀에어컨 붙박이장 세안고,퍼스트푸르지오공인중개사사무소,매매,102,중,121.39,84.97,"200,000",0,0,2026-08-05
20355515,41212275,갭투매물 트인뷰 강동역직결,래미안강동열매공인중개사사무소,매매,102,고,182.36,84.97,"200,000",0,0,2026-08-19
20355515,41265719,"남향, 주인거주, 베스트초이스, 최고의 커뮤니티",래미안친구공인중개사사무소,매매,101,고,182.36,84.97,"195,000",0,0,2026-08-20
20355515,41469315,입주.입구 드레스룸확장. 중문.풀에어컨.완벽한 인프라및 커뮤니티시설,임미령(팰리스)공인중개사사무소,매매,102,저,121.39,84.97,"192,000",0,0,2026-08-25
20355515,40841884,"강동역직결, 최고의 커뮤니티",래미안친구공인중개사사무소,매매,103,중,182.36,84.97,"190,000","98,000",0,2026-08-07
20355515,40801825,"강동역직결, 부분수리, 입주협의 가능, 롯데타워뷰",래미안친구공인중개사사무소,매매,101,중,182.36,84.97,"190,000",0,0,2026-08-06
20355515,41355320,"롯데타워뷰,트인뷰 갭투",열매공인중개사사무소,매매,101,저,182.36,84.97,"185,000",0,0,2026-08-22
20355515,41412184,36.햇살좋은 남향의 단지내조경  풀에어컨 입주가능 최상의 상태,성심포레온(483-0070)단지내공인중개사사무소,매매,102,저,121.39,84.97,"185,000",0,0,2026-08-24
20355515,41412187,36.햇살좋은 남향.뻥뷰 무주택매수자만 세안고매매 가능해요.,성심포레온(483-0070)단지내공인중개사사무소,매매,102,저,121.39,84.97,"185,000",0,0,2026-08-24
20355515,41469313,무주택자 갭투자가능  .롯데타워뷰.   호텔급커뮤니티시설. 헬스무료,임미령(팰리스)공인중개사사무소,매매,101,저,121.39,84.97,"185,000",0,0,2026-08-25
20355515,41481375,관리상태좋음 트인뷰  전세안고매매 무주택자매수,래미안강동열매공인중개사사무소,매매,101,저,182.36,84.97,"185,000",0,0,2026-08-26
20355515,41469312,예쁜 단지뷰. 주차장과 강동역 직결. 호텔급커뮤니티시설. 헬스무료.,임미령(팰리스)공인중개사사무소,매매,102,저,121.39,84.97,"182,000",0,0,2026-08-25
20355515,41469314,갭투가능. 방3화2구조. 관리상태최상. 호텔급커뮤니티시설. 강동역직결,임미령(팰리스)공인중개사사무소,매매,101,중,85.30,59.98,"172,000",0,0,2026-08-25
20355515,40767981,"귀한매물  입주가능,갭투28년12월선호 강동역연결",열매공인중개사사무소,매매,101,저,128.34,59.98,"160,000",0,0,2026-08-05
20355515,40796095,"강동역직결, 최고의 커뮤니티, 입주협의 가능",래미안친구공인중개사사무소,매매,101,저,128.34,59.98,"160,000",0,0,2026-08-06
20355515,40797583,"갭투선호 입주일협의  철저한보안,관리 정원뷰",래미안강동열매공인중개사사무소,매매,101,저,128.34,59.98,"160,000",0,0,2026-08-06
20355515,41426655,"롯데타워 한강뷰.   오래거주,  관리상태 굿. 무융자",임미령(팰리스)공인중개사사무소,전세,102,고,121.39,84.97,0,"98,000",0,2026-08-24
20355515,41412186,36.방금나온전세 풀에어컨 정원뷰 즉시입주가능 최상의 상태,성심포레온(483-0070)단지내공인중개사사무소,전세,101,저,121.39,84.97,0,"97,000",0,2026-08-24
20355515,41439623,"강동역직결, 최고의 커뮤니티, 철저한보안",래미안친구공인중개사사무소,전세,103,중,182.36,84.97,0,"95,000",0,2026-08-25
20355515,41412185,귀한전세 3룸 올인테리어 풀에어컨 신혼거주  호텔식 커뮤니티,성심포레온(483-0070)단지내공인중개사사무소,전세,103,저,85.30,59.98,0,"82,000",0,2026-08-24
20355515,41006995,방3.화2 귀한전세1뿐,래미안강동열매공인중개사사무소,전세,103,저,128.34,59.98,0,"79,000",0,2026-08-12
20355515,41310782,방3 화2 보증보험가입가능,열매공인중개사사무소,전세,103,저,0.00,59.98,0,"79,000",0,2026-08-21
20355515,41412180,36.방금나온 반전세 풀에어컨 정원뷰 즉시입주가능 최상의 상태,성심포레온(483-0070)단지내공인중개사사무소,월세,101,저,121.39,84.97,0,"55,000",160,2026-08-24
20355515,41412182,귀한25월세.11월초중순협의가능. 호텔식 커뮤니티 연결동,성심포레온(483-0070)단지내공인중개사사무소,월세,101,저,85.30,59.98,0,"50,000",120,2026-08-24
20355515,41412183,36.베란다중문.정원뷰.입주날짜협의가능,성심포레온(483-0070)단지내공인중개사사무소,월세,101,저,121.39,84.97,0,"30,000",280,2026-08-24
20355515,41392564,"정원 조망, 빠른 입주, 오래 거주",열매공인중개사사무소,월세,103,저,182.36,84.97,0,"20,000",340,2026-08-24
20355515,41444367,바로계약가능  빠른입주 정원뷰 오래거주가능,래미안강동열매공인중개사사무소,월세,103,저,182.36,84.97,0,"20,000",340,2026-08-25
20355515,41310484,빠른입주 탁트인뷰 방3화2 강동역직결 월세협의,열매공인중개사사무소,월세,102,고,0.00,59.98,0,"10,000",350,2026-08-21
20355515,40966893,"바로계약가능 고층 뻥뷰 방3,화2 즉시입주가능",래미안강동열매공인중개사사무소,월세,102,고,0.00,59.98,0,"10,000",350,2026-08-11
20355515,40991455,"뷰 좋은 3룸, 욕실2개, 즉시입주가능",열매공인중개사사무소,월세,102,고,85.30,59.98,0,"10,000",350,2026-08-11
20400508,41296253,천호 강동역 도시형주택 풀옵션,대한공인중개사사무소,매매,1,중,21.01,12.14,"27,000",0,0,2026-08-20
20400508,41077145,"미사아름채복층 매매,세안고매매가능,실거주가능,천호역세권,복층풀옵션원룸,",동현대공인중개사사무소,매매,1,11,22.49,12.99,"22,500",0,0,2026-08-13
20400508,41125623,"주담대가능,실입주가능,미사아름채 복층초저렴매매,천호,강동더블역세권,깔끔",동현대공인중개사사무소,매매,1,중,22.49,12.99,"17,000",0,0,2026-08-14
20459781,41211279,"신축첫입주,로얄층,하이엔드,멋진한강뷰냉장고,식세기,세탁건조기 등",일등학사부동산공인중개사사무소,매매,1,중,0.00,59.35,"123,500",0,0,2026-08-19
20459781,40679419,"신축하이엔드,멋진 한강뷰 에4 냉장고 식세기,세탁건조기 특화된호텔식",(단지내)세진공인중개사사무소,전세,1,15,113.52,84.62,0,"120,000",0,2026-08-01
20459781,41211185,"신축첫입주,중간층,하이엔드급아파트 역세권 전철역도보5분 광진교한강공원인접",일등학사부동산공인중개사사무소,매매,1,저,0.00,59.35,"120,000",0,0,2026-08-19
20459781,41056563,신축 하이엔드 특화된 호텔식 프리미엄 고급아파트 한강뷰와 더블역세권,(단지내)세진공인중개사사무소,월세,1,중,79.89,59.35,0,"30,000",200,2026-08-13
20459781,40935259,"신축하이엔드,멋진한강뷰 에4 냉장고 식세기,세탁 건조기 특화된호텔식",(단지내)세진공인중개사사무소,월세,1,중,79.89,59.35,0,"25,000",220,2026-08-10
20459781,41094057,"신축첫입주,중간층,하이엔드급,냉장고,식세기,세탁건조기 천호역도보5분",일등학사부동산공인중개사사무소,매매,1,4,79.89,59.35,0,0,0,2026-08-14
20459781,41109074,신축하이엔드 멋진 한강뷰 냉장고식세기 세탁건조기 에어컨등 특화된호텔식,(단지내)세진공인중개사사무소,매매,1,고,79.89,59.35,0,0,0,2026-08-14
20459781,40743864,신축하이엔드 멋진 한강뷰 냉장고식세기 세탁건조기 에어컨등 특화된호텔식,(단지내)세진공인중개사사무소,매매,1,12,80.61,59.11,0,0,0,2026-08-04
20459781,40895921,혼을갈아지었습니다 첫입주 25B타입 3룸2화 풀옵션 천호역 비교불가,(단지내)청춘공인중개사사무소,매매,1,저,80.61,59.11,0,0,0,2026-08-08
20459781,40895922,시크릿하이엔드 층고2.6m 30형 3룸2화 풀옵션 천호역 비교불가,(단지내)청춘공인중개사사무소,매매,1,중,113.52,84.62,0,0,0,2026-08-08
20459781,41282452,야외테라스한강뷰 팬트하우스 개인자쿠지 스파 특화된 호텔식인테리어아파트,(단지내)세진공인중개사사무소,매매,1,16,113.39,84.92,0,0,0,2026-08-20
20459781,41406785,"신축첫입주,로얄층,하이엔드,멋진한강뷰냉장고,식세기,세탁건조기 등",일등학사부동산공인중개사사무소,매매,1,중,79.89,59.35,0,0,0,2026-08-24
20459781,41416494,시크릿하이엔드 층고2.6m 30타입 3룸2화 풀옵션 천호역 비교불가,(단지내)청춘공인중개사사무소,매매,1,저,100.98,75.76,0,0,0,2026-08-24
20459781,41455475,시크릿하이엔드 층고2.6m 25A타입 3룸2화 풀옵션 천호역 비교불가,(단지내)청춘공인중개사사무소,매매,1,중,79.89,59.35,0,0,0,2026-08-25
20427701,41407791,"실입주가능,주담대가능,복층형원룸,깔끔복층,천호역세권,계약일로2달협의",동현대공인중개사사무소,매매,1,16,18.07,12.88,"18,950",0,0,2026-08-24
20020026,41017219,추천매매 암사초역세권 갭투자추천 로얄 올수리확장,부동산뱅크신세계공인중개사사무소,매매,101,고,106.94,84.97,"139,000",0,0,2026-08-12
20020026,41009388,"암사역세권, 재래시장초입, 생활이편리한위치아파트,세안고 매매가능",한강부동산공인중개사사무소,매매,102,5,141.99,84.97,"138,000",0,0,2026-08-12
20020026,41234896,"추천매매  암사역초역세권 방3,화2 넓은구조 수리깨끗 갭투자",부동산뱅크신세계공인중개사사무소,매매,102,5,106.94,84.97,"138,000",0,0,2026-08-18
20385852,40723511,"엘림스퀘어2매매,수익률좋고,실입주가능,천호역세권,아파트단지인근오피스텔상권",동현대공인중개사사무소,매매,1,4,22.85,14.92,"15,900",0,0,2026-08-03
2500097711,40797148,저렴 입주가능 갭투가능 천호더블역세권,래미안강동열매공인중개사사무소,매매,1,고,66.96,27.54,"30,000",0,0,2026-08-06
2500097711,41133323,신축급 급매  입주 갭투모두가능  깨끗한괸리 천호더블역세권,열매공인중개사사무소,매매,1,고,66.96,27.54,"30,000",0,0,2026-08-15
2500097711,40968355,HUG 보증가입가능  빠른입주협의,래미안강동열매공인중개사사무소,전세,1,고,60.52,25.55,0,"27,300",0,2026-08-11
2500097711,40664096,"뻥뷰,주택임사,HUG보증가능 빠른입주 천호더블역세권",열매공인중개사사무소,전세,1,24,60.52,25.55,0,"27,300",0,2026-08-01
2500097711,40553929,급매물 임사,래미안강동열매공인중개사사무소,매매,1,저,56.56,23.63,"23,500",0,0,2026-07-29
1710,40698561,암사역세권 올수리 방4화2 학세권,열매공인중개사사무소,매매,101,9,203.81,114.68,"125,000",0,0,2026-08-03
1710,41130950,입주 암사역세권  방4 화2 올수리 상태굿  탑층,래미안강동열매공인중개사사무소,매매,101,9,203.81,114.68,"125,000",0,0,2026-08-15
1704,40880655,특올수리 입주 강동역7분  강동성심병원인근,열매공인중개사사무소,매매,102,저,124.81,84.97,"130,000",0,0,2026-08-08
1704,41311790,입주 강동역세권 올수리,래미안강동열매공인중개사사무소,매매,102,저,124.81,84.97,"130,000",0,0,2026-08-21
2500053663,41263836,"푸르지오시티A타입,오피스텔,실거주가능,주담대가능,안정적수익률,초역세권원룸",동현대공인중개사사무소,매매,1,35,54.88,25.55,"20,000",0,0,2026-08-19
2500053663,41342357,"푸르지오시티B타입,오피스텔,실거주가능,주담대가능,안정적수익률,초역세권원룸",동현대공인중개사사무소,매매,1,19,54.21,25.24,"17,500",0,0,2026-08-21
249637,40839401,남향 입주 구분다리역5분,열매공인중개사사무소,매매,201,중,106.75,84.97,"93,000",0,0,2026-08-07
249637,40968859,남향 구분다리역,래미안강동열매공인중개사사무소,매매,201,중,106.75,84.97,"93,000",0,0,2026-08-11
249637,41089604,구분다리역도보5분  정상입주,열매공인중개사사무소,매매,201,중,106.46,84.70,"90,000",0,0,2026-08-14
249637,40627101,내집마련기회 구분다리역도보,래미안강동열매공인중개사사무소,매매,201,중,106.46,84.70,"90,000",0,0,2026-07-31
1714,41451956,"올수리하여깔끔, 막힘없는뷰, 천호역강동역역세권, 교통편리",일광공인중개사사무소,매매,102,18,0.00,84.88,"160,000",0,0,2026-08-25
1716,41407794,,동현대공인중개사사무소,전세,1,13,107.89,81.60,0,"60,000",0,2026-08-24
1717,41178982,강동역세권 방2화1 귀한월세 내부깔끔,동현대공인중개사사무소,월세,101,7,0.00,44.10,0,"5,000",140,2026-08-18
1718,40880584,입주 강동역바로 방5 화2 가격협의가능,래미안강동열매공인중개사사무소,매매,1,8,243.19,136.77,"130,000",0,0,2026-08-08
1718,40970448,"입주 ,수리 , 깨끗 강동역 바로",열매공인중개사사무소,매매,1,8,243.19,136.77,"130,000",0,0,2026-08-11
1718,41089317,강동역바로 상태좋음 거실확장 롯데타워뷰,열매공인중개사사무소,매매,1,고,211.67,119.04,"120,000",0,0,2026-08-14
1718,40626065,거실확장  롯데타워뷰  깨끗,래미안강동열매공인중개사사무소,매매,1,고,211.67,119.04,"120,000",0,0,2026-07-31
1718,41481309,"급매,기본상태.입주협의 가능, 방4화2",래미안친구공인중개사사무소,매매,1,고,208.68,117.36,"100,000",0,0,2026-08-26
1718,41178391,"급매 전세5.2억안고,강동역연결 남향",래미안강동열매공인중개사사무소,매매,1,저,0.00,79.98,"84,000",0,0,2026-08-18
1718,41392633,"28년 2월 협의, 급매, 정남향, 강동역 초역세권",열매공인중개사사무소,매매,1,6,142.21,79.98,"84,000",0,0,2026-08-24
20441320,41215053,신축4년차 트인뷰 방3화2 옵션 천호역세권 남향,동현대공인중개사사무소,월세,101,고,0.00,84.96,0,"65,000",120,2026-08-19
20412014,41327150,9호선 호재 I 확 틔인 뷰 I 입주강추 I 조건협의가,미사풍경채명인(795-3220)공인중개사사무소,매매,407,고,87.85,59.99,"130,000",0,0,2026-08-21
20412014,40720961,신축 I 트인 뷰 I 상권이용편리 I 관리 잘된 세대,리버파크공인중개사사무소,매매,406,고,87.85,59.99,"127,000",0,0,2026-08-03
20412014,40749738,,미사리슈빌공인중개사사무소,매매,406,고,87.85,59.99,"127,000",0,0,2026-08-04
20412014,40828080,남향 로얄동층 신축단지 학세권 입주물건,고덕거성공인중개사사무소,매매,406,11,87.85,59.99,"127,000",0,0,2026-08-06
20412014,41014582,"신축 4년차,주인거주 컨디션굿,초,중교,상가 가까운 인기단지,25p",자이부자공인중개사사무소,매매,406,고,87.85,59.99,"127,000",0,0,2026-08-12
20412014,41094227,"입주정상,로얄동층,상태굿,남향,채광굿,학교근접",고덕현대공인중개사사무소,매매,406,고,87.85,59.99,"127,000",0,0,2026-08-14
20412014,41166761,입주협의.막힘없는뷰.에유.9호선호재,루나리움미사오(031-793-4499)공인중개사사무소,매매,406,11,87.85,59.99,"127,000",0,0,2026-08-17
20412014,41197791,채광좋은 로얄동층.9호선호재.초품아.상가이용편리,키움공인중개사사무소,매매,406,고,87.85,59.99,"127,000",0,0,2026-08-18
20412014,41320021,"신축4년차, 입주협의, 밝고 환한 남향 , 주인거주로 집상태 좋음",푸르지오(031-794-4950)공인중개사사무소,매매,406,11,87.85,59.99,"127,000",0,0,2026-08-21
20412014,41408346,금터.25A  눈에 띄는 미래가치 누구나 선호하는 로얄동  초중고 인접,고덕그라시움금터부동산공인중개사사무소,매매,406,11,87.85,59.99,"127,000",0,0,2026-08-24
20412014,41435460,추천  고층의 트인뷰   관리 잘된집   남향   채광  통풍 굿,푸르지오플러스(031-795-9933)공인중개사사무소,매매,406,11,87.85,59.99,"127,000",0,0,2026-08-25
20412014,41469793,STAR추천 남향 로얄동층 학세권 역세권 깔끔관리굿,스타공인중개사사무소,매매,406,11,87.85,59.99,"127,000",0,0,2026-08-25
20412014,41472482,추천  고층의 트인뷰   관리 잘된집   남향   채광  통풍 굿,푸르지오플러스(031-795-9933)공인중개사사무소,매매,406,11,87.85,59.99,"127,000",0,0,2026-08-26
20412014,40982389,트인뷰 I 빠른입주가능 I 단지내헬스장 I  상가이용편리,리버파크공인중개사사무소,매매,401,중,87.85,59.99,"125,000",0,0,2026-08-11
20412014,40868042,층간소음걱정없는 초고층 관리 잘 된 좋은 집 입주협의 가능,위례우미린공인중개사사무소,매매,404,고,73.46,49.82,"110,000",0,0,2026-08-07
20412014,41449176,"9호선호재. 뻥뚫린사이다뷰 ,초품아,밝고환한예쁜집,관리상태최상",고덕강남부동산 공인중개사 사무소,매매,404,고,73.46,49.82,"110,000",0,0,2026-08-25
20412014,41470641,공동ok 가격조정가능 1층 10.1억 입주가능.협의가능.,명성(단지안02-812-8500)공인중개사사무소,매매,403,1,73.46,49.82,"101,000",0,0,2026-08-25
20412014,40982388,빠른입주가능 I 초.중학교 도보5분컷 I 상가이용편리 I 단지내헬스장,리버파크공인중개사사무소,전세,401,중,87.85,59.99,0,"67,000",0,2026-08-11
20412014,41025609,"초,중,고 학세권 상가접근최고 고층 뻥뷰",9호선.미사8단지서희공인중개사사무소,월세,404,고,73.46,49.82,0,"20,000",160,2026-08-13
20412014,40834842,"초,중,고 학세권 상가접근최고 고층 뻥뷰",9호선.미사8단지서희공인중개사사무소,월세,404,고,73.46,49.82,0,"20,000",160,2026-08-06
20412014,41193318,즉시입주 주인거주로 관리잘된 집  탁 트인뷰 2 in 1에어컨 붙작,루나리움미사오(031-793-4499)공인중개사사무소,월세,402,고,73.46,49.82,0,"20,000",160,2026-08-18
20417175,41325384,탁트인 로얄뷰 o 내부컨디션최상 o 9호선호재,롯데공인중개사사무소,매매,803,고,86.91,59.97,"130,000",0,0,2026-08-21
20116563,40982390,세안고 I 강일역초역세권 I 방4개 대형평수 I 올확장 인테리어우수 I,리버파크공인중개사사무소,매매,1009,고,142.14,114.81,"175,000",0,0,2026-08-11
20116563,40829192,전망트임  집깨끗함  강일역 인접,푸르지오플러스(031-795-9933)공인중개사사무소,매매,1006,고,110.09,84.74,"170,000",0,0,2026-08-06
20116563,41012623,입주가능 I 강일역세권 I 올수리 I 초품아,리버파크공인중개사사무소,매매,1002,고,109.49,84.83,"150,000",0,0,2026-08-12
20116563,40720964,5호선역세권 I 채광우수 I  입주협의가능 I  초품아단지,리버파크공인중개사사무소,매매,1006,저,110.37,84.53,"130,000",0,0,2026-08-03
20116298,41448822,"빠른입주가능 I 대지지분29.5 I 체육센타,상가이용편리 I 채광우수",리버파크공인중개사사무소,매매,101,중,110.45,84.53,"133,000",0,0,2026-08-25
20116298,41262544,"상가,체육센타이용편리 I 확장 I 단지앞 망월천",리버파크공인중개사사무소,전세,102,중,110.45,84.53,0,"67,000",0,2026-08-19
20116299,41012621,올확장 인테리어 I 트인뷰 I 녹지조성 우수 I 대지지분20.8,리버파크공인중개사사무소,매매,205,중,111.05,84.53,"145,000",0,0,2026-08-12
20116299,40844616,입주가능 I 판상형 I 단지내 망월천 수변공원 I 체육센터 이용편리,리버파크공인중개사사무소,매매,206,고,110.74,84.74,"145,000",0,0,2026-08-07
20116299,41361520,금터 34C 눈에 띄는 미래 가치 9호선 호재 단지 선호동 선호 타입,고덕그라시움금터부동산공인중개사사무소,매매,206,고,110.74,84.74,"145,000",0,0,2026-08-22
20116301,40803897,"정남향 I 트인뷰 I 빠른입주가능 I 통학로안전 I 상가,체육센타이용편리",리버파크공인중개사사무소,매매,301,고,82.04,59.87,"125,000",0,0,2026-08-06
20116301,41091190,"정남향 I 트인뷰 I 빠른입주가능 I 통학로안전 I 상가,체육센타이용편리",리버파크공인중개사사무소,매매,301,고,115.34,59.87,"125,000",0,0,2026-08-14
20116300,40844928,급매 채광좋은정남향 올수리  화이트인테리어 확장,고덕스카이공인중개사,매매,401,저,109.92,84.83,"145,000",0,0,2026-08-07
20116300,40863847,주인거주.올 인테리어.입주 협의.9호선 예정.,태양공인중개사사무소,매매,401,저,109.92,84.83,"145,000",0,0,2026-08-07
20116300,41081124,최근 화이트톤 특인테리어  풀확장 9호선호재 특수단지,THE 행복공인중개사사무소,매매,401,저,109.92,84.83,"145,000",0,0,2026-08-14
20116300,41294790,최근 화이트톤 특인테리어  풀확장 9호선호재 특수단지,THE 행복공인중개사사무소,매매,401,저,109.92,84.83,"145,000",0,0,2026-08-21
20116300,41339795,9호선 호재 I 남향의 판상형 I 최상급 인테리어 I 확장,리버파크공인중개사사무소,매매,401,저,109.92,84.83,"145,000",0,0,2026-08-21
20116300,41470291,주인거주 . 확장 인테리어.,강남(롯데캐슬)단지내(02-441-2000)공인중개사사무소,매매,401,저,109.92,84.83,"145,000",0,0,2026-08-25
20116300,40720962,판상형 I 트인뷰 I 9호선예정지 초역세권 I 통학로안전 I 빠른입주가능,리버파크공인중개사사무소,매매,409,고,109.92,84.83,"145,000",0,0,2026-08-03
20121562,41339794,정남향 I 판상형 I 올리모델링 I 9호선최대수혜지 I,리버파크공인중개사사무소,매매,509,저,109.99,84.83,"145,000",0,0,2026-08-21
20121562,40524726,"세안고,  27년8월, 정남향, 선호타입, 9호선호재, 깔끔하게관리잘된집",고덕강남부동산 공인중개사 사무소,매매,501,중,82.07,59.87,"135,000",0,0,2026-07-28
20121562,41339796,"정남향, 확장형, 빠른입주가능, 9호선호재",리버파크공인중개사사무소,매매,501,중,82.07,59.87,"135,000",0,0,2026-08-21
20121562,41435507,전망트임    집깨끗함    관리 잘된집     9호선  호재,푸르지오플러스(031-795-9933)공인중개사사무소,매매,501,중,82.07,59.87,"135,000",0,0,2026-08-24
20121562,41472503,전망트임    집깨끗함    관리 잘된집     9호선  호재,푸르지오플러스(031-795-9933)공인중개사사무소,매매,501,중,82.07,59.87,"135,000",0,0,2026-08-26
20121562,40585323,무융자 대중교통 편리 트인뷰 내부상태깨끗 애완동물X,파밀리에공인중개사사무소,전세,506,5,110.87,84.53,0,"75,000",0,2026-07-30
20121562,40671832,9월말협의 융자무 트여밝은집 초중고학세권 깔끔해요,미사센텀팰리스공인중개사사무소,전세,506,저,110.87,84.53,0,"75,000",0,2026-08-01
20121562,40691637,무융자 대중교통 편리 트인뷰 내부상태깨끗 애완동물X,파밀리에공인중개사사무소,전세,506,5,110.87,84.53,0,"75,000",0,2026-08-02
20121562,40804178,추천전세 융자없는로얄동 주거환경좋음 입주협의,고덕스카이공인중개사,전세,506,5,110.87,84.53,0,"75,000",0,2026-08-06
20121562,40906212,26.9월말협의 융자무 트인뷰 인기학세권 애완동물노,미사센텀팰리스공인중개사사무소,전세,506,5,110.87,84.53,0,"75,000",0,2026-08-08
20121562,41321689,뛰어라. 학교 인접한동. 무융자. 포베이. 관리굿.,뛰어라공인중개사사무소,전세,506,저,110.87,84.53,0,"75,000",0,2026-08-21
20121562,41341706,금터. 34B 강추 컨디션 굿 초중고 인접 넓은 동간거리 채광한도 초과,고덕그라시움금터부동산공인중개사사무소,전세,506,5,110.87,84.53,0,"75,000",0,2026-08-21
20121562,41363027,융자무  4bay  9월말입주  트인뷰  애완동물X  초중고인접,보배(031-791-6600)미사센텀팰리스공인중개사사무소,전세,506,5,110.87,84.53,0,"75,000",0,2026-08-22
20121562,41417927,"융무, 넓은동간거리, 햇빛잘드는집, 상가이용편리",고덕굿모닝(437-6009)공인중개사사무소,전세,506,5,110.87,84.53,0,"75,000",0,2026-08-24
20121562,41435457,사방트인 뷰  관리 잘된집 생활권 편리  애완동물X,푸르지오플러스(031-795-9933)공인중개사사무소,전세,506,5,110.87,84.53,0,"75,000",0,2026-08-25
20121562,41452390,금터. 34B 강추 컨디션 굿 초중고 인접 넓은 동간거리 채광한도 초과,고덕그라시움금터부동산공인중개사사무소,전세,506,5,110.87,84.53,0,"75,000",0,2026-08-25
20121562,41472475,추천   사방트인 뷰  관리 잘된집 생활권 편리  애완동물X,푸르지오플러스(031-795-9933)공인중개사사무소,전세,506,5,110.87,84.53,0,"75,000",0,2026-08-26
20121562,41249973,깔끔하고 밝은집 대출무 입주일 조정가 입니다,대일공인중개사사무소,전세,509,고,109.99,84.83,0,"73,000",0,2026-08-19
20121562,41427252,융무 도배깔끔 밝고 좋은집 하시입주가 입니다,대일공인중개사사무소,전세,509,고,109.99,84.83,0,"73,000",0,2026-08-24
20116302,41012622,입주가 I 올확장 I 초품아 I 9호선예정지 초역세권 I 상가이용편리,리버파크공인중개사사무소,매매,602,중,110.77,84.53,"143,000",0,0,2026-08-12
20116302,40702433,전망트임  집깨끗함 9호선호재,푸르지오플러스(031-795-9933)공인중개사사무소,매매,603,고,110.77,84.53,"143,000",0,0,2026-08-03
20116302,40803896,9호선예정지 초역세권 I 초품아 I 환상적인트인뷰 I 5호선도보권,리버파크공인중개사사무소,매매,603,고,110.77,84.53,"143,000",0,0,2026-08-06
20120625,40689740,9호선 초역세권예정 I 트인뷰 I 판상형 I 모던한 인테리어 I 관리최상,리버파크공인중개사사무소,매매,711,고,109.94,84.83,"145,000",0,0,2026-08-01
20120625,41262543,세안고 I 9호선 초역세권예정 I 올확장 인테리어 I 판상형,리버파크공인중개사사무소,매매,711,저,109.94,84.83,"140,000",0,0,2026-08-19
20120625,41262542,9호선 수혜단지 I 초중고 근접 I 상가이용편리 I 5호선 도보권,리버파크공인중개사사무소,매매,709,저,110.82,84.53,"140,000",0,0,2026-08-19
20116303,40600359,벌말근린 공원뷰 I 5호선 도보 가능 I 중문 I 최근인테리어,리버파크공인중개사사무소,매매,804,고,111.70,84.53,"140,000",0,0,2026-07-30
20135047,40668439,강추 입주매매 풀에어컨 고덕천뷰 채광 집상태 완전깔끔 너무조아요,조은동네부동산426-9800공인중개사사무소,매매,104,고,152.60,114.98,"180,000",0,0,2026-08-01
20135047,41358844,추천입주매매 올수리 풀시스템에어컨 집상태최상 방4,고덕스카이공인중개사,매매,104,고,152.60,114.98,"180,000",0,0,2026-08-22
20135047,41332359,"입주매매, 꺠꿋하게 관리된 집, 9호선개통호재, 비즈밸리상권이용, 한강권",고덕굿모닝(437-6009)공인중개사사무소,매매,102,중,113.83,84.83,"155,000",0,0,2026-08-21
20135047,41417928,"46p, 입주일조정가,  방4 , 탁트인뷰, 거실확장, 착한임대인",고덕굿모닝(437-6009)공인중개사사무소,전세,104,13,152.01,114.97,0,"95,000",0,2026-08-24
20135047,41185029,급전세 뷰좋은집 채광좋은로얄동층 거실확장 베란다충분,고덕스카이공인중개사,전세,104,고,152.01,114.97,0,"95,000",0,2026-08-18
20135047,41093884,무융자 세대컨디션최고 도배및  LED등교체,리버파크공인중개사사무소,전세,102,저,113.83,84.83,0,"70,000",0,2026-08-14
20135047,41216697,"무융자 I 5호선 도보역세권 I 도배,LED 등 교체 I  컨디션최상",리버파크공인중개사사무소,전세,102,저,113.83,84.83,0,"70,000",0,2026-08-18
20135043,40908866,"고덕천 뷰, 강일역 최근접동,주인거주로 깔끔합니다.",금강솔베뉴공인중개사,매매,211,10,110.82,84.98,"150,000",0,0,2026-08-08
20135043,41047719,입주가능. 깔끔하게 관리된 예쁜 집. 강일역 도보권. 고덕천뷰,일등그라시움 부동산중개,매매,211,10,110.82,84.98,"150,000",0,0,2026-08-13
20135043,41290619,입주가능. 깔끔하게 관리된 예쁜 집. 강일역 도보권. 고덕천뷰,일등그라시움 부동산중개,매매,211,10,110.82,84.98,"150,000",0,0,2026-08-20
20135043,41358810,34 추천탁트인뷰 집상태최상 강일역세권 로얄동층 채광좋은집,고덕스카이공인중개사,매매,211,10,110.82,84.98,"150,000",0,0,2026-08-22
20135043,41418479,정상입주 강일역5분 제일앞동이라채광완전좋음 주인거주중,나이스공인중개사사무소,매매,211,10,110.82,84.98,"150,000",0,0,2026-08-24
20135043,41431594,입주매매 강일역역세권 고덕천 전망 로열동로열층 쾌적한집,조은동네부동산426-9800공인중개사사무소,매매,211,10,110.82,84.98,"150,000",0,0,2026-08-24
20135043,41435463,추천  컨디션  좋음  강일역 초역세권 고덕천 산책로,푸르지오플러스(031-795-9933)공인중개사사무소,매매,211,10,110.82,84.98,"150,000",0,0,2026-08-25
20135043,41463228,강일역 상일동역 도보10분 고덕천뷰 햇살 밝고 관리잘된집 주인거주,고덕씨앗부동산공인중개사사무소,매매,211,10,110.82,84.98,"150,000",0,0,2026-08-25
20135043,41472487,추천  컨디션  좋음  강일역 초역세권 고덕천 산책로,푸르지오플러스(031-795-9933)공인중개사사무소,매매,211,10,110.82,84.98,"150,000",0,0,2026-08-26
2500054125,41012620,입주가능 I 9호선 초역세권예정지 I 상가이용편리 I 체육센타근접,리버파크공인중개사사무소,매매,1,중,41.07,20.55,"14,000",0,0,2026-08-12
20448617,40583608,"40형,시스템에어컨5대,수납과 채광 좋아요",미사풍경채명인(795-3220)공인중개사사무소,매매,506,3,131.38,101.70,"180,000",0,0,2026-07-29
20448617,41070503,"단지 정원뷰,40형,시스템에어컨풀,중문,고강상권 앞,9호선 연장수혜단지",자이부자공인중개사사무소,매매,506,저,131.38,101.70,"180,000",0,0,2026-08-13
20448617,41339792,신축 민영 I 시스템 에어컨5대 I 중문 I 예쁜 정원 뷰,리버파크공인중개사사무소,매매,506,3,131.38,101.70,"180,000",0,0,2026-08-21
20448617,40526572,"에어컨5대 I 화이트리모델링 I 입주협의 I 단지내헬스장,사우나",리버파크공인중개사사무소,매매,501,중,109.23,84.73,"175,000",0,0,2026-07-28
20448617,40526573,세안고 I 양창구조 I 인기타입 I 풀옵션 I 신축3년차 I 9호선호재,리버파크공인중개사사무소,매매,502,고,110.20,84.89,"170,000",0,0,2026-07-28
20448617,40720963,신축40형 I 풀옵션 I 선호타입 I 입주가능  I 단지내커뮤니티 우수,리버파크공인중개사사무소,매매,504,중,131.80,101.39,"170,000",0,0,2026-08-03
20448617,41216696,신축 3년차 민영A I 40형 I 풀옵션 I 27년 12월 입주가,리버파크공인중개사사무소,매매,504,고,131.38,101.70,"170,000",0,0,2026-08-18
20448617,41012624,신축3년차 민영A I 복층형 I 시에4개 I 관리 잘된 세대,리버파크공인중개사사무소,매매,506,저,111.73,84.91,"160,000",0,0,2026-08-12
20448617,41252285,"세끼고,28년1월 입주,입주3년차 민영,거실양창구조 개방감 짱,에어컨풀",자이부자공인중개사사무소,매매,502,16,110.20,84.89,"160,000",0,0,2026-08-19
20448617,41105800,복층구조 신축3년차 풀에어컨 9호선호재 입주협의,강동위드공인중개사사무소,매매,506,5,111.73,84.91,"160,000",0,0,2026-08-14
20448617,41195510,"입주 3년차 민영APT,복층형,에어컨풀,단지내 사우나,9호선 연장수혜",자이부자공인중개사사무소,매매,506,5,111.73,84.91,"160,000",0,0,2026-08-18
20448617,41339793,세안고 I 복층구조 I 에어컨5대 I 신축3년차 I 단지내커뮤니티 우수,리버파크공인중개사사무소,매매,506,5,111.73,84.91,"155,000",0,0,2026-08-21
20448617,41070502,"입주 3년차 민영APT,복층형,에어컨풀,단지내 사우나,9호선 연장수혜",자이부자공인중개사사무소,매매,501,저,112.11,84.65,"150,000",0,0,2026-08-13
20448617,41093885,"최고의한강뷰 I 시에5대 I 선호타입 I 단지내사우나,헬스장 커뮤니티최고",리버파크공인중개사사무소,전세,505,고,110.20,84.89,0,"95,000",0,2026-08-14
20448617,41424214,"입주 3년차 민영APT,복층형,에어컨풀,단지내 사우나,초중인접",자이부자공인중개사사무소,전세,506,5,111.73,84.91,0,"89,000",0,2026-08-24
20448617,41093883,신축3년차 I 복층 I 시에5대 I 단지내사우나 등 커뮤니티최상,리버파크공인중개사사무소,전세,506,저,111.73,84.91,0,"83,000",0,2026-08-14
